Station,degree centrality,betweenness centrality,closeness_centrality,infomation_centrality,harmonic_closeness
Stratford,0.0225,0.2978457823852558,0.10438413361169102,0.000572165,36.91715649725344
Bank and Monument,0.02,0.29048946048382174,0.1135718341851221,0.000598327,40.952684475453545
Liverpool Street,0.015,0.2708068552514043,0.11025358324145534,0.000586523,46.660168905965996
King's Cross St. Pancras,0.0175,0.2553072865243917,0.11344299489506524,0.00059056,31.323114882589625
Waterloo,0.015,0.24392083111819995,0.11226494527083918,0.00057875,41.68339492376495
Green Park,0.015,0.2158348635839238,0.11477761836441894,0.000584678,38.89079765
Euston,0.0125,0.2083242539971863,0.10982976386600769,0.000559931,35.42645043394817
Westminster,0.01,0.20333528717175303,0.11254924029262803,0.000567816,55.122842572804146
Baker Street,0.0175,0.1915677645593061,0.1089621356578589,0.00057863,24.62745659448538
Finchley Road,0.01,0.16508468682528848,0.10261672652642381,0.000542681,28.993492467785718
Highbury & Islington,0.01,0.1619854153782721,0.10520778537611783,0.000557749,32.473709611121485
Willesden Junction,0.0125,0.15137332011486182,0.090971117,0.000527479,29.98888112540602
Bond Street,0.01,0.1415909931755796,0.11098779134295228,0.000572594,63.876252789178736
West Ham,0.015,0.13934362466411368,0.097823429,0.000547794,55.60612042027637
Wembley Park,0.01,0.13509791343437963,0.094652153,0.000486275,46.28654985
Finsbury Park,0.01,0.13052420011066637,0.097560976,0.00052494,24.908448966639508
Moorgate,0.01,0.1301686512457193,0.11031439602868175,0.000570496,47.44118348
Earl's Court,0.015,0.12589232777108705,0.090415913,0.000538826,36.963718542803015
South Hampstead,0.005,0.10826685852437751,0.10343935867597621,0.000502556,44.993505379247225
Canada Water,0.01,0.10764763640703491,0.093501636,0.000534604,52.481379324822804
Queen's Park,0.0075,0.10599973237567235,0.094629761,0.000494924,36.153914494543635
Kilburn High Road,0.005,0.10570629043749358,0.098231827,0.000483554,22.83712107454843
Preston Road,0.005,0.10463007717706967,0.08760403,0.00043254,28.004102086621906
Harrow-on-the-Hill,0.0075,0.1035586486056411,0.077205173,0.000373141,24.118732488096118
Northwick Park,0.005,0.10062005211441302,0.08195042,0.000396864,52.836379646325675
Manor Park,0.005,0.054700292397660825,0.080938891,0.000374449,38.38437533768647
Stockwell,0.01,0.051958020050125314,0.092165899,0.000455299,55.36237067456133
Ilford,0.005,0.050063700918964074,0.075301205,0.000344126,30.154190064845487
Kentish Town,0.005,0.048872180451127824,0.091345056,0.000416042,44.137749669180096
Wembley Central,0.005,0.048872180451127824,0.0723589,0.000330381,54.72965945583587
South Ealing,0.005,0.048872180451127824,0.069384215,0.000390501,27.243729546205433
Pinner,0.005,0.048872180451127824,0.067374095,0.00029104,49.14178781
Upton Park,0.005,0.042932425761373155,0.083594566,0.000433214,44.95082322648134
Warren Street,0.0075,0.042791840712893374,0.10624169986719788,0.00055337,28.383434506070774
Blackhorse Road,0.01,0.042586392930377893,0.080160321,0.000472867,31.57996069845517
North Acton,0.0075,0.041619047619047604,0.072687625,0.000408094,59.25730897824482
Imperial Wharf,0.005,0.041020890972018796,0.082169269,0.000452204,49.576235518269705
Acton Central,0.005,0.040722978080120965,0.084548721,0.000471424,24.138824383610572
Wandsworth Road,0.0075,0.039816540810901725,0.07804878,0.000400047,45.08819101995521
Denmark Hill,0.005,0.037557201987653124,0.078600904,0.000394114,52.93486953792708
Kenton,0.005,0.034473684210526316,0.059907143926913285,0.000239475,29.68631902733438
Manor House,0.005,0.034473684210526316,0.089186176,0.000436685,43.3832697
Royal Victoria,0.005,0.034473684210526316,0.084157374,0.000437543,47.78551229752451
Belsize Park,0.005,0.034473684210526316,0.083892617,0.000358089,25.357091623870307
Clapham Common,0.005,0.034473684210526316,0.078308536,0.000337341,27.596977218116233
Highgate,0.005,0.034473684210526316,0.0723589,0.000281484,56.192258287621335
Silver Street,0.005,0.034473684210526316,0.071955388,0.000315885,53.69025204522095
Crossharbour,0.005,0.034473684210526316,0.071085836,0.000326647,33.48454535020475
Honor Oak Park,0.005,0.034473684210526316,0.070896845,0.000306256,41.57988502426536
Osterley,0.005,0.034473684210526316,0.05785363,0.000269556,28.11633120572591
Brondesbury,0.005,0.032038603453077144,0.092208391,0.000477755,51.009431594377624
North Greenwich,0.005,0.031660281656522286,0.086843248,0.000499222,56.10412024
Pimlico,0.005,0.030833751044277363,0.098352594,0.000483798,41.130808224096825
Knightsbridge,0.005,0.030792811303149672,0.10111223458038422,0.000494006,60.03339314754913
Edmonton Green,0.0075,0.029724310776942358,0.067272116,0.000281476,45.970949445291694
Cambridge Heath,0.005,0.029591442079224033,0.093044894,0.000483423,61.79286858652216
Kensal Rise,0.005,0.029172584238373708,0.086449103,0.000481358,44.56004680584389
Oval,0.005,0.028376775271512115,0.094652153,0.000474707,25.484815387007387
Vauxhall,0.005,0.028130116959064345,0.093261833,0.000456656,44.949635525293665
Upney,0.005,0.026753341687552213,0.069722852,0.000363891,35.90740369
Wanstead,0.005,0.026710526315789476,0.080922517,0.000353487,29.228288425753288
Notting Hill Gate,0.01,0.026352474349654768,0.09199632,0.000532363,25.392354779030715
St. James's Park,0.005,0.026330012440914687,0.10576414595452142,0.000521036,31.372439711819077
Headstone Lane,0.005,0.024749373433583962,0.053669663222863276,0.000201946,51.62159998154607
Wood Green,0.005,0.024749373433583962,0.076031173,0.00032616,31.85128806980778
Parsons Green,0.005,0.024749373433583962,0.074390924,0.000363937,38.30845539782011
Prince Regent,0.005,0.024749373433583962,0.072345813,0.000326638,29.097359515856702
Golders Green,0.005,0.024749373433583962,0.072150072,0.000280222,48.154717167339584
Balham,0.005,0.024749373433583962,0.067980965,0.000267354,25.60549105027725
Eastcote,0.005,0.024749373433583962,0.064935065,0.000303544,46.04016044155382
Perivale,0.005,0.024749373433583962,0.063704412,0.000309941,35.23949642963343
Island Gardens,0.005,0.024749373433583962,0.062470717,0.000260593,33.71500141
Hounslow Central,0.005,0.024749373433583962,0.052015605,0.000222925,43.928792479450586
Hackney Downs,0.0075,0.024208132615087512,0.082730093,0.000453438,35.960267826293226
Becontree,0.005,0.022116750208855472,0.065498608,0.000336178,36.20509531904816
Redbridge,0.005,0.021860902255639098,0.075046904,0.000319398,31.61931341789581
North Ealing,0.005,0.021510273700123324,0.066323993,0.000398328,25.14306306530924
Gospel Oak,0.0075,0.021394183510724876,0.086114101,0.00046435,29.25738136
South Harrow,0.005,0.020785047937303576,0.066203244,0.000337987,42.82620575439442
West Silvertown,0.005,0.019849624060150377,0.084051271,0.000436397,39.65104061
Bounds Green,0.005,0.019849624060150377,0.070771408,0.00028927,56.84552108108635
Putney Bridge,0.005,0.019849624060150377,0.069348128,0.0003186,27.633114549226043
Royal Albert,0.005,0.019849624060150377,0.067567568,0.000289646,35.21686637953373
Brent Cross,0.005,0.019849624060150377,0.067396799,0.000252551,42.80839946647947
Buckhurst Hill,0.005,0.019849624060150377,0.065811122,0.000266568,65.28208790245098
Tooting Bec,0.005,0.019849624060150377,0.06374502,0.000242051,53.22478455822037
Ruislip Manor,0.005,0.019849624060150377,0.06105938,0.00027134,36.56958084343241
Greenford,0.005,0.019849624060150377,0.059970015,0.00027644,37.83040226591891
Cutty Sark,0.005,0.019849624060150377,0.058875478,0.000236496,44.91251292440094
Rickmansworth,0.005,0.019849624060150377,0.053497392,0.000200967,22.063597639459065
Hatch End,0.005,0.019849624060150377,0.050994391,0.000187167,31.68570397615634
Hounslow West,0.005,0.019849624060150377,0.049498824,0.000205052,31.90884769026989
Finchley Road & Frognal,0.005,0.019831926949408156,0.09072352,0.000475739,54.798077717776124
Royal Oak,0.005,0.017959954449616088,0.088672135,0.000456417,27.125380244659233
Sudbury Hill,0.005,0.017829743008314438,0.06378568,0.000337344,52.349071678460085
Limehouse,0.005,0.017768465626548352,0.095306171,0.000505262,31.171470503473188
Dagenham Heathway,0.005,0.017480158730158728,0.061756986259070556,0.000315954,23.157539266634444
Walthamstow Queens Road,0.005,0.017459159261790855,0.075786283,0.000427817,28.07134836563061
Southwark,0.005,0.017284550662370172,0.10280133641737342,0.000527723,34.901834091971125
Gants Hill,0.005,0.017011278195488724,0.069966766,0.000296074,40.81211690207027
Hackney Wick,0.005,0.016319261356855335,0.096269555,0.000497414,41.77501533465782
Marble Arch,0.005,0.016231552004108463,0.10395010395010396,0.000503167,39.12651599327981
Dalston Kingsland,0.005,0.015395433931148235,0.095785441,0.000468805,44.74633788856645
Alperton,0.005,0.014985380116959063,0.060753341433778855,0.000353021,47.36193165152872
Tooting Broadway,0.005,0.014924812030075188,0.059988002399520096,0.000221026,27.710024340548777
Gidea Park,0.005,0.014924812030075188,0.055819145967066705,0.000257813,28.867007114932303
Greenwich,0.005,0.014924812030075188,0.055656045637957424,0.000216384,39.66410005614117
Carpenders Park,0.005,0.014924812030075188,0.048561369430617944,0.000174343,37.12183030685095
Hatton Cross,0.0075,0.014924812030075188,0.047203209818267644,0.00018976,23.30979821986182
Kingsbury,0.005,0.014924812030075188,0.086598831,0.000408255,25.314004755173453
Pontoon Dock,0.005,0.014924812030075188,0.077639752,0.00037251,29.658779560990585
Arnos Grove,0.005,0.014924812030075188,0.066170389,0.000259742,27.521840930138595
East Putney,0.005,0.014924812030075188,0.064924525,0.000283147,24.79335029
Beckton Park,0.005,0.014924812030075188,0.063361318,0.000260045,39.27556051582182
Hendon Central,0.005,0.014924812030075188,0.063211125,0.000229748,42.47756278720527
Southbury,0.005,0.014924812030075188,0.063101436,0.00025344,31.660814741724607
Loughton,0.005,0.014924812030075188,0.061814248,0.00024129,26.632744761878516
West Finchley,0.005,0.014924812030075188,0.059728237,0.000211793,55.80312942
Penge West,0.005,0.014924812030075188,0.058728527,0.000225517,27.112312317127802
Ruislip,0.005,0.014924812030075188,0.057603687,0.000245193,44.066858274140095
Northolt,0.005,0.014924812030075188,0.056633159,0.000249351,26.751510619548103
Chorleywood,0.005,0.014924812030075188,0.050825921,0.000186256,39.71405705167901
Holborn,0.01,0.014920629947885563,0.10692328254477412,0.00055483,51.78185117839066
Leyton Midland Road,0.005,0.014915821751348075,0.073300348,0.000400678,22.904133001972507
Caledonian Road & Barnsbury,0.005,0.014859144614783716,0.095670892,0.000489339,48.924424350608085
Hackney Central,0.005,0.014445484653191438,0.094007051,0.000453913,37.70602261
Homerton,0.005,0.014338565569768593,0.093589144,0.000462498,40.85461450445147
Westferry,0.0075,0.014297705392630212,0.089565607,0.000502416,37.93309625213494
Clapton,0.005,0.014241072106673611,0.077399381,0.000427096,49.85080262
Westbourne Park,0.005,0.013567723873175033,0.082474227,0.000417339,47.67494137549852
Embankment,0.01,0.013509189640768594,0.10626992561105207,0.000560891,31.122561339230742
Whitechapel,0.01,0.013503247205314881,0.097442144,0.000551027,22.657539266634444
Lancaster Gate,0.005,0.013412003131927959,0.098207709,0.00047853,43.136291456035174
St James Street,0.005,0.013259421551714777,0.077249903,0.000421829,41.546549050912844
High Street Kensington,0.0075,0.013199660858495431,0.089988751,0.000526502,34.02983010407535
Pudding Mill Lane,0.005,0.012978207152079346,0.094741829,0.00048859,44.901574436056066
Roding Valley,0.005,0.012537593984962406,0.065854462,0.000281212,25.45421659311041
Newbury Park,0.005,0.012192982456140351,0.065530799,0.000280199,36.36029133326861
Camden Road,0.005,0.011068029923293083,0.088573959,0.0004572,34.44515416667565
Queensway,0.005,0.010836815162003112,0.093479785,0.000486996,56.94972606942447
Poplar,0.01,0.010356309695595412,0.085142614,0.000501982,52.98226319
Holland Park,0.005,0.010159914577207814,0.086994345,0.000503503,34.38326447618617
St. Paul's,0.005,0.010043233082706762,0.10471204188481675,0.000527087,57.63086541511489
Kensal Green,0.005,0.099093613,0.091954023,0.000492684,33.578605578712526
South Kensington,0.0075,0.098554733,0.0968523,0.000521312,26.595645650461126
Camden Town,0.01,0.096478697,0.1,0.000493924,53.049958147288145
Gloucester Road,0.0075,0.096322068,0.092699884,0.000527318,42.27300664016454
Canning Town,0.015,0.096166647,0.091575092,0.00052618,61.63603391792279
Seven Sisters,0.01,0.094604192,0.090702948,0.000495858,27.196244483056827
Victoria,0.01,0.094261921,0.10813733441470667,0.000547104,50.983485298708665
Turnham Green,0.0125,0.09205664,0.078570026,0.00048185,39.570010519498126
Leyton,0.005,0.090714286,0.09539709,0.000474215,49.21447411
Shepherd's Bush,0.01,0.089700541,0.088144557,0.000530703,46.44861314207918
Surrey Quays,0.01,0.087098197,0.089027376,0.000472535,46.48564369926621
Leytonstone,0.0075,0.086610276,0.087796313,0.000404572,43.896996709487134
London Bridge,0.01,0.081345791,0.10400416016640665,0.000557775,41.331083491895946
Acton Town,0.01,0.079122638,0.074266617,0.000458335,46.13647377607086
Hammersmith,0.01,0.076560066,0.079554495,0.000489025,30.90404626104894
Barons Court,0.0075,0.075268444,0.084423808,0.00050374,34.730077023665416
West Brompton,0.01,0.073949552,0.086937622,0.000507169,38.807045869357864
Canary Wharf,0.01,0.073285929,0.089325592,0.000522901,29.19006544811831
Bermondsey,0.005,0.072876358,0.096946195,0.000519095,68.81628590128582
Sloane Square,0.005,0.069248972,0.10185892538833716,0.000508233,51.676634240372834
Farringdon,0.005,0.064110433,0.11074197120708748,0.000524009,35.60192703550217
Angel,0.005,0.064110433,0.11074197120708748,0.000524009,26.009676584693977
Maryland,0.005,0.063973475,0.095192765,0.000478125,28.267285673178012
Barbican,0.005,0.063578895,0.1092001092001092,0.000518615,40.07178708355865
Old Street,0.005,0.063578895,0.1092001092001092,0.000518615,37.04693027253142
Forest Gate,0.005,0.059336884,0.087489064,0.00041682,29.624802576441358
Harlesden,0.005,0.058345865,0.083822297,0.000440372,45.73207076552933
West Hampstead,0.01,0.056885538,0.097489642,0.000518904,32.87416446457064
Kensington,0.0075,0.055068602,0.088613203,0.000520196,33.608029708335344
Oxford Circus,0.015,0.053843935,0.11120378092855157,0.000586185,50.39400380751025
Stonebridge Park,0.005,0.053621554,0.077684987,0.000377671,32.338911091762505
North Harrow,0.005,0.053621554,0.071968334,0.000327124,55.94415222701527
Snaresbrook,0.005,0.050770677,0.08108656,0.000354202,64.68984073912091
Rayners Lane,0.0075,0.04911316,0.069312078,0.000344185,58.26544723336542
West Harrow,0.005,0.048063661,0.072899581,0.00035505,24.380556611501376
Plaistow,0.005,0.047184305,0.089928058,0.000475029,31.673118328069968
South Woodford,0.005,0.046046366,0.075329567,0.000320568,40.292146766875014
Paddington,0.01,0.045840797,0.09699321,0.000523426,49.28941348342232
Euston Square,0.005,0.045462943,0.1068090787716956,0.000529463,39.33903927581088
Shadwell,0.0125,0.045432223,0.10384215991692627,0.000559617,41.46163905
Seven Kings,0.005,0.045427109,0.070397747,0.000322051,26.578912045195157
White City,0.005,0.044672515,0.081933634,0.00046302,41.81632476615397
Great Portland Street,0.005,0.044599674,0.1049042748492001,0.000526221,47.63138334458624
Edgware Road,0.0075,0.044506211,0.10227563283047814,0.000536264,49.40503808047917
Tufnell Park,0.005,0.044097744,0.084033613,0.000359118,19.898351744352798
Bruce Grove,0.005,0.044097744,0.083489877,0.000417065,52.743426606933056
Heron Quays,0.005,0.044097744,0.082321465,0.000436032,28.094955092419955
New Cross Gate,0.005,0.044097744,0.082068117,0.000400441,57.24169423478242
North Wembley,0.005,0.044097744,0.067693349,0.000293444,29.12134836563061
Northfields,0.005,0.044097744,0.065082981,0.000339927,30.465000015738433
Northwood Hills,0.005,0.044097744,0.063311174,0.000261989,44.983143097909725
Kennington,0.01,0.043947256,0.10185892538833716,0.000526193,47.42560883818649
Queens Road Peckham,0.005,0.042131614,0.084799661,0.000430982,45.93932762844478
Woodford,0.0075,0.041729323,0.070335854,0.000297585,30.269120237639935
Barking,0.0075,0.04134763,0.074529532,0.000402352,66.24977774334546
Goodmayes,0.005,0.040790518,0.066093853,0.000305985,41.91940361821078
Gunnersbury,0.0075,0.040638034,0.076687117,0.000452694,36.28131336764978
East Acton,0.005,0.040629073,0.076863951,0.000425814,33.10149173102471
Peckham Rye,0.005,0.039571046,0.081317341,0.000406398,33.48417683781834
Boston Manor,0.005,0.039298246,0.061265124827691836,0.000300769,35.59396960351843
Chalk Farm,0.005,0.039298246,0.091261693,0.000415351,36.574782719934916
Clapham North,0.005,0.039298246,0.084691933,0.000387693,58.59492605908204
Archway,0.005,0.039298246,0.077775617,0.000315696,25.363181671585924
White Hart Lane,0.005,0.039298246,0.077309625,0.000359621,43.39521760339853
South Quay,0.005,0.039298246,0.076306753,0.000373635,44.05880042580491
Brockley,0.005,0.039298246,0.076089024,0.000347192,43.19862817052394
South Kenton,0.005,0.039298246,0.063572791,0.000263796,45.10111341814752
Northwood,0.005,0.039298246,0.059692583,0.000238098,45.43933204308612
East Ham,0.005,0.039104523,0.078600904,0.000410665,46.43906337668575
Clapham Junction,0.005,0.038831578,0.079412349,0.000418868,39.867187118269214
South Acton,0.005,0.036922047,0.079270709,0.000449311,22.93223668378435
Bethnal Green,0.0075,0.03690394,0.10070493454179255,0.000542328,47.57563568033368
Clapham High Street,0.005,0.036599749,0.077594568,0.000392102,24.86428671610031
Chadwell Heath,0.005,0.036216583,0.062334424,0.000294548,55.87086408
Moor Park,0.0075,0.034598997,0.056449336720293536,0.000218105,48.07309228700752
Tottenham Hale,0.005,0.034422995,0.084228259,0.000467746,38.18854508950328
Hyde Park Corner,0.005,0.033526729,0.1072961373390558,0.000511517,48.010467910815414
Romford,0.0075,0.032773601,0.059058024509080174,0.00028688,25.008631581181593
Ealing Common,0.0075,0.031209104,0.070163129,0.000438994,22.758086584970943
Harrow & Wealdstone,0.005,0.02962406,0.056625141562853906,0.000219163,57.63086541511488
Turnpike Lane,0.005,0.02962406,0.082101806,0.000373555,24.537037671328946
Fulham Broadway,0.005,0.02962406,0.080192462,0.000423957,27.876969245501908
Custom House,0.005,0.02962406,0.077821012,0.000374183,53.297787161463575
Hampstead,0.005,0.02962406,0.077594568,0.000314505,56.379929944085916
Clapham South,0.005,0.02962406,0.072793449,0.000298386,42.10100579095917
Hanger Lane,0.005,0.02962406,0.067911715,0.000352433,48.60936972279776
East Finchley,0.005,0.02962406,0.067624683,0.000253833,32.516933784024076
Mudchute,0.005,0.02962406,0.066511473,0.000289989,51.604517401056896
Forest Hill,0.005,0.02962406,0.066345994,0.000273804,53.877465210901015
Hounslow East,0.005,0.02962406,0.054787015,0.000244092,25.395082717118218
Brondesbury Park,0.005,0.029603349,0.088183422,0.000466586,40.15941948189577
Canonbury,0.0075,0.027231885,0.099576799,0.000512237,61.1688309
London Fields,0.005,0.025732837,0.086843248,0.000456815,42.23743387316697
Finchley Central,0.0075,0.024799499,0.063451777,0.000231021,36.12487024064871
Sydenham,0.0075,0.024799499,0.062324712,0.000247448,28.04735952
Walthamstow Central,0.0075,0.023409797,0.078415997,0.000436094,21.612939908582828
Hampstead Heath,0.005,0.017553776,0.086169754,0.00045925,26.67445436988947
Park Royal,0.005,0.017551418,0.062972292,0.000371001,28.50810365902869
Bayswater,0.005,0.016191515,0.091932889,0.000503479,39.853636198309246
Mile End,0.01,0.015602445,0.096084554,0.000550721,47.50204992376068
Sudbury Town,0.005,0.015384045,0.061795149080797154,0.000342193,29.374373734480077
Leytonstone High Road,0.005,0.013446001,0.072098053,0.000386141,46.70853377699982
Woodgrange Park,0.005,0.01324007,0.071594774,0.000386917,57.20466069448293
Dagenham East,0.005,0.012843567,0.058419746,0.000301271,42.82478501
Wanstead Park,0.005,0.012800638,0.071326676,0.000381779,32.00948859821627
Upper Holloway,0.005,0.012529209,0.080499094,0.000432144,29.73127885633799
Chalfont & Latimer,0.0075,0.009987469,0.048396854,0.000173492,50.54813212
Southgate,0.005,0.009974937,0.062111801242236024,0.000235572,31.47641092831577
Colindale,0.005,0.009974937,0.059497248252268334,0.000210633,39.64137545767388
Debden,0.005,0.009974937,0.058258083309059135,0.000220294,32.215453311974755
Anerley,0.005,0.009974937,0.055509297807382736,0.000207072,26.741178499292182
Ickenham,0.005,0.009974937,0.054503338329472684,0.000223543,37.70470972552086
South Ruislip,0.005,0.009974937,0.053633681952266025,0.000226993,26.532618435094324
Harold Wood,0.005,0.009974937,0.052903055151434994,0.000233985,48.77671142926582
Queensbury,0.005,0.009974937,0.079776625,0.000351562,60.245875710117446
Wood Street,0.005,0.009974937,0.072780204,0.000372012,44.04411684638347
London City Airport,0.005,0.009974937,0.072111051,0.000324729,33.74669690304071
Southfields,0.005,0.009974937,0.061012813,0.000254665,58.207373614742004
Cyprus,0.005,0.009974937,0.059630292,0.000235822,52.48226319
Turkey Street,0.005,0.009974937,0.059400059,0.000230377,20.871760462573384
Colliers Wood,0.005,0.009974937,0.056633159,0.000203279,31.510412854546452
Woodside Park,0.005,0.009974937,0.056401579,0.000195442,42.03583286679888
Deptford Bridge,0.005,0.009974937,0.052756529,0.000199346,37.08828275494613
Bushey,0.005,0.009974937,0.046339203,0.000163111,62.571216509892935
Chancery Lane,0.005,0.009710317,0.10484927916120576,0.000515226,24.31934817205778
Emerson Park,0.005,0.009540518,0.056132473,0.000281818,45.102397857187036
Ladbroke Grove,0.005,0.009508618,0.077190274,0.000395892,48.18247454
South Tottenham,0.005,0.009442864,0.076628352,0.000436534,30.748169378096073
Kentish Town West,0.005,0.009231206,0.086281277,0.000449663,34.47250203513908
Crouch Hill,0.005,0.009225276,0.07613247,0.000418338,43.88315314182101
Stamford Hill,0.005,0.009012472,0.084691933,0.000448361,47.08101130036136
Regent's Park,0.005,0.008802646,0.10443864229765012,0.000539693,40.63682222621026
Tottenham Court Road,0.01,0.008703465,0.10554089709762533,0.000562592,48.510637227671396
Bow Church,0.005,0.008287313,0.086805556,0.000445956,29.836561338931837
West Acton,0.005,0.008266917,0.069060773,0.000403282,54.60057563116379
Elm Park,0.005,0.008206976,0.055424692,0.000290919,35.33102324945815
Harringay Green Lanes,0.005,0.008206332,0.075301205,0.0004197,48.93377892168131
Chigwell,0.005,0.00768797,0.061909921064850645,0.000270534,57.24169423478242
Barkingside,0.005,0.007437343,0.061718870544669034,0.000269908,27.13993097403471
Dalston Junction,0.005,0.007295933,0.092980009,0.000466554,48.05110831
Russell Square,0.005,0.007221849,0.10484927916120576,0.000536891,32.78504878489002
Stoke Newington,0.005,0.007209034,0.082850041,0.000428632,37.08337172673636
Goldhawk Road,0.005,0.007088256,0.073868883,0.000436343,53.940353557691274
Ealing Broadway,0.005,0.006796157,0.067385445,0.000412854,37.19460054022457
Shoreditch High Street,0.005,0.006752312,0.091491308,0.000485221,46.587078222364156
Rectory Road,0.005,0.006630505,0.081782866,0.000430167,48.33016412253205
Wapping,0.005,0.00653467,0.09596929,0.000502945,27.06604066
Cannon Street,0.005,0.00648914,0.10214504596527069,0.0005098,52.75254969059172
Caledonian Road,0.005,0.006257937,0.102014792,0.00050875,46.03281813216038
Latimer Road,0.005,0.006076078,0.073233248,0.000387535,24.507542872961196
Piccadilly Circus,0.01,0.005971083,0.10596026490066225,0.000566249,36.27919647097147
Kilburn,0.005,0.005747703,0.088948188,0.000456947,33.031786853472966
Haggerston,0.005,0.005458348,0.089786756,0.000449396,37.99622597885659
Upminster,0.005,0.005432331,0.053705693,0.000279732,37.411824934936035
Hoxton,0.005,0.00527833,0.089265789,0.000455016,49.523832209242684
Wimbledon Park,0.005,0.005,0.057529124119085284,0.000231282,26.949521711564834
Burnt Oak,0.005,0.005,0.056179775280898875,0.000194378,49.16197460800392
Ruislip Gardens,0.005,0.005,0.050922978994271166,0.000208229,41.40600734287889
Watford High Street,0.005,0.005,0.044301694539816146,0.000153191,50.97440213426236
Nine Elms,0.005,0.005,0.092506938,0.000435267,42.069707825564755
Canons Park,0.005,0.005,0.073923489,0.000308504,54.17010817270133
Kew Gardens,0.005,0.005,0.071263139,0.00038373,53.70951469736226
Highams Park,0.005,0.005,0.067877142,0.00032414,23.338410167141497
King George V,0.005,0.005,0.067294751,0.000287647,48.64441443104708
Bush Hill Park,0.005,0.005,0.063061643,0.000253183,35.374826766490116
Oakwood,0.005,0.005,0.058505192,0.000215425,32.86566671366011
Gallions Reach,0.005,0.005,0.056298381,0.000215634,28.418267133137615
Theobalds Grove,0.005,0.005,0.056093115,0.000211073,42.75718031669214
Theydon Bois,0.005,0.005,0.055073661,0.000202577,38.619925255193884
South Wimbledon,0.005,0.005,0.053619303,0.000188099,30.11184556187057
Croxley,0.005,0.005,0.053454497,0.000200725,36.43241080099922
Totteridge & Whetstone,0.005,0.005,0.05341167,0.00018137,28.99586203704602
Norwood Junction,0.005,0.005,0.052610812,0.000191342,46.31805758652362
Hillingdon,0.005,0.005,0.051706308,0.000205321,57.16082502939274
Brentwood,0.005,0.005,0.050263885,0.000214097,23.267973007330358
Elverson Road,0.005,0.005,0.050131595,0.000184727,38.29894407670537
Heathrow Terminals 2 & 3,0.0075,0.005,0.045095829,0.000180707,56.41136946988366
West India Quay,0.0075,0.004521846,0.086114101,0.00050506,35.65137783534584
Charing Cross,0.0075,0.004441908,0.10392309690828787,0.000549147,56.12431091440411
Neasden,0.005,0.004202172,0.086580087,0.000441301,38.471195436456725
Devons Road,0.005,0.004066344,0.081168831,0.000428312,36.04483931923453
Warwick Avenue,0.005,0.003959586,0.089525515,0.000472744,51.429718093224544
Shepherd's Bush Market,0.005,0.003832672,0.070921986,0.000405955,38.91479017601021
Kilburn Park,0.005,0.003793129,0.088378259,0.000460762,60.84223131529665
Wood Lane,0.005,0.003694081,0.070871722,0.000390695,31.12707952121312
East India,0.005,0.003660053,0.084192802,0.000477788,43.97879247945058
Rotherhithe,0.005,0.003582707,0.090702948,0.000495993,31.427026059028744
Hornchurch,0.005,0.003570384,0.052721761,0.000284143,51.709457200866154
Temple,0.005,0.003460735,0.096200096,0.000492979,54.929867996902246
Elephant & Castle,0.0075,0.003363617,0.094051258,0.000518378,31.462096647749895
Borough,0.005,0.003363007,0.095057034,0.000508503,41.23324003100911
Aldgate East,0.0075,0.003255589,0.099925056,0.00055027,41.997344591739015
Grange Hill,0.005,0.002838346,0.058411215,0.000264448,30.302572287373085
Fairlop,0.005,0.002713033,0.058326042578011085,0.000264149,63.92832685889993
Leicester Square,0.01,0.002672579,0.10101010101010101,0.000555763,33.81381092921713
All Saints,0.005,0.00260993,0.079255003,0.000452568,50.000761196820754
Stepney Green,0.005,0.002513814,0.092872069,0.000518502,39.43608888856479
Mansion House,0.005,0.002419591,0.092872069,0.000472183,52.68356058010006
Tower Hill,0.0075,0.002399332,0.10227563283047814,0.000548032,51.94093806
Upminster Bridge,0.005,0.002361111,0.052022369618936144,0.000280491,56.60044793527793
Holloway Road,0.005,0.002230159,0.094540298,0.000478092,30.351519724672972
Lambeth North,0.005,0.002224616,0.10106114199090449,0.000511375,41.39788578
Maida Vale,0.005,0.002150167,0.085543199,0.000454149,38.6377078
Stratford High Street,0.005,0.002029923,0.094585008,0.000501778,50.187214720264514
Blackwall,0.005,0.001998747,0.081300813,0.000470917,48.947783155097646
St. John's Wood,0.005,0.001807734,0.098328417,0.000506033,33.70628856381658
Langdon Park,0.005,0.001467419,0.076760699,0.000430325,41.17497432011178
Ravenscourt Park,0.005,0.001379719,0.073732719,0.000441908,26.66548388796933
Willesden Green,0.005,0.001211362,0.082321465,0.000428813,35.336702033315724
Arsenal,0.005,0.00094716,0.088987764,0.000482756,48.873396690430866
Blackfriars,0.005,0.000905388,0.091659028,0.000467261,39.805773053542126
Bromley-by-Bow,0.005,0.000853921,0.089625812,0.00049623,27.872501509544627
Covent Garden,0.005,0.000751551,0.098570724,0.000518589,39.78808758153063
Stamford Brook,0.005,0.000649053,0.072886297,0.000439935,49.19295666
Goodge Street,0.005,0.000503133,0.099527246,0.000521519,50.73170829428597
Dollis Hill,0.005,0.000438596,0.081218274,0.000424109,32.098219661938245
Swiss Cottage,0.005,0.000434419,0.093131548,0.000496447,39.37252205983407
Aldgate,0.005,0.00040503,0.099378882,0.000524833,45.15467783894975
Hainault,0.005,0.000382206,0.055286800276434005,0.000262381,46.87122012535275
Abbey Road,0.005,0.000381161,0.089166295,0.000495336,37.71913499581299
Bow Road,0.005,0.000359023,0.089027376,0.000497027,40.92697489
Enfield Town,0.0025,0,0.059329575793533075,0.000229953,49.83978498281928
Cockfosters,0.0025,0,0.055279159756771695,0.000198374,36.93051180362289
Beckton,0.0025,0,0.053304904051172705,0.000198551,43.55712288959915
Edgware,0.0025,0,0.053198563638781754,0.000180388,53.87272365558668
Uxbridge,0.0025,0,0.049170251997541485,0.000189774,33.57417356709525
Shenfield,0.0025,0,0.047864066052411156,0.000197247,28.60217516835916
Amersham,0.0025,0,0.046168051708217916,0.00016226,51.81559652403232
Chesham,0.0025,0,0.046168051708217916,0.00016226,40.477746147751674
Heathrow Terminal 5,0.0025,0,0.043154601359369944,0.000168554,22.063597639459065
Marylebone,0.005,0,0.099975006,0.000515475,39.47534400381079
Mornington Crescent,0.005,0,0.099502488,0.000490693,50.90030810263034
Stratford International,0.0025,0,0.094540298,0.000465821,44.50609326515527
Tower Gateway,0.0025,0,0.094095507,0.00045747,33.02370961112149
Star Lane,0.005,0,0.090232348,0.000498269,33.410198667070084
Battersea Power Station,0.0025,0,0.084691933,0.000370859,34.68885316639663
Brixton,0.0025,0,0.084405993,0.000385303,37.78029191292254
West Kensington,0.005,0,0.083664505,0.000484888,46.09844011106248
New Cross,0.0025,0,0.081766149,0.000397575,50.6878156
Chiswick Park,0.005,0,0.073556455,0.000441083,48.076903298164765
Battersea Park,0.0025,0,0.072411296,0.000344981,44.782551539896225
Stanmore,0.0025,0,0.068846816,0.000274691,55.49846607211187
Richmond,0.0025,0,0.066533599,0.000332779,29.49627024556349
Chingford,0.0025,0,0.063572791,0.000287019,49.19011937065363
Woolwich Arsenal,0.0025,0,0.063061643,0.000258032,32.837735388281274
Mill Hill East,0.0025,0,0.059674772,0.000211524,49.755893756450895
Crystal Palace,0.0025,0,0.058676837,0.000225213,47.00330495
Wimbledon,0.0025,0,0.054406964,0.000211742,50.05289995092652
Cheshunt,0.0025,0,0.05312085,0.000194677,49.56641221265858
Epping,0.0025,0,0.05220569,0.000187428,54.811023634088905
Morden,0.0025,0,0.050897061,0.000174967,54.65113287708414
Watford,0.0025,0,0.050748541,0.000185841,50.58695562263701
High Barnet,0.0025,0,0.050709939,0.00016913,48.46436222016737
West Croydon,0.0025,0,0.049987503,0.00017777,22.38277542
West Ruislip,0.0025,0,0.048461352,0.000192255,51.18564263289422
Lewisham,0.0025,0,0.047744092,0.000172046,49.85384464737356
Heathrow Terminal 4,0.005,0,0.045090745,0.000180686,39.36321223939422
Watford Junction,0.0025,0,0.042426814,0.000144367,43.99503738738207
