mode_mnlc_o,mode_mnlc_d,2,3,4,5,6,7,mode
504,523,8.033,16.43,24.563,28.555,13.023,2.263,DLR
504,533,30.719,40.105,61.571,57.881,15.573,0.317,DLR
504,538,5.941,17.238,37.493,43.158,33.89,10.429,DLR
504,559,5.795,26.397,27.285,24.065,15.213,8.508,DLR
504,573,77.786,113.75,143.938,387.562,165.776,65.283,DLR
504,719,148.816,1461.291,650.283,635.245,181.595,71.794,DLR
504,749,3.082,26.223999,45.376,40.726,20.615,12.091,DLR
504,750,3.76,11.909,41.027,31.429,28.607,6.496,DLR
504,757,45.37,296.99,202.707,284.911,99.29,28.636,DLR
504,842,6.6619997,57.203,10.044,9.017,1.035,0.752,DLR
504,850,1.235,0.324,3.199,5.848,2.312,0.607,DLR
504,851,2.014,2.381,3.042,3.811,2.323,1.357,DLR
504,853,0.0,6.381,4.177,4.711,1.903,0.99899995,DLR
504,854,1.5630001,1.317,1.6850001,3.72,1.057,0.233,DLR
504,855,1.216,7.603,1.348,0.0,0.0,0.0,DLR
504,857,0.0,0.0,2.738,0.832,0.749,1.086,DLR
504,858,0.0,5.024,5.94,5.498,0.0,0.0,DLR
504,859,0.162,0.0,2.08,1.128,0.836,0.0,DLR
504,860,2.281,2.814,3.7,5.943,1.296,1.073,DLR
504,861,2.061,9.311,7.113,3.528,0.547,0.25,DLR
504,862,1.309,8.142,5.332,6.403,2.628,1.564,DLR
504,864,2.78,3.113,2.286,2.416,1.708,0.0,DLR
504,865,1.163,1.215,4.193,3.369,0.527,2.187,DLR
504,866,0.90999997,4.582,3.8270001,2.482,1.091,1.634,DLR
504,867,0.25300002,3.973,1.683,2.342,1.969,1.128,DLR
504,879,0.0,4.706,8.62,2.993,0.829,0.0,DLR
504,882,0.0,1.98,5.59,2.926,1.845,0.982,DLR
504,883,0.39,16.899,5.1549997,6.408,2.548,1.511,DLR
504,884,7.0160003,86.329,51.037,59.317,32.651,13.833,DLR
504,886,1.853,3.779,9.269,6.622,4.975,1.29,DLR
504,887,0.502,6.019,4.881,3.983,7.245,0.668,DLR
504,888,0.629,3.826,5.291,6.512,2.875,0.0,DLR
504,889,24.283,31.025,30.727,39.202,9.93,6.593,DLR
504,890,1.519,4.587,3.511,5.422,2.629,0.771,DLR
504,891,0.987,1.79,4.665,5.3659997,0.0,1.848,DLR
504,893,0.0,9.529,11.667,3.9,12.17,1.248,DLR
504,894,0.587,4.149,2.265,2.177,5.2209997,0.0,DLR
504,895,1.643,1.572,7.616,8.512,3.543,1.191,DLR
504,897,0.0,0.683,4.08,4.311,0.7,0.329,DLR
504,928,0.0,0.688,0.716,0.692,0.518,0.0,DLR
504,940,0.894,4.876,10.595,29.251,1.722,0.2,DLR
513,504,0.0,0.0,0.0,0.0,0.0,0.083000004,DLR
513,523,26.266,67.873,50.866,196.33,65.077,32.069,DLR
513,533,119.031,393.244,556.175,912.611,82.144,17.876,DLR
513,538,22.19,135.77,94.427,460.594,232.403,75.325,DLR
513,559,18.865,96.632,62.184002,226.404,94.381,35.956,DLR
513,573,172.059,509.907,589.15,1387.697,735.973,293.134,DLR
513,749,0.0,0.0,0.119,0.0,0.118,0.0,DLR
513,750,0.0,0.026,0.679,0.0,0.34,0.273,DLR
513,757,0.0,0.0,0.0,0.0,0.162,0.0,DLR
513,842,188.095,2321.36,2259.182,3110.517,647.755,186.207,DLR
513,850,1.834,25.747,63.76,106.887,51.148,15.95,DLR
513,851,0.0,0.809,2.474,2.501,1.781,0.465,DLR
513,853,20.952,105.821,139.647,128.494,53.23,12.042,DLR
513,854,36.245,218.503,342.336,744.187,347.224,131.203,DLR
513,855,85.849,919.383,710.002,717.853,279.379,88.476,DLR
513,856,16.943,87.83,156.90201,417.215,217.694,85.718,DLR
513,857,4.297,51.056,142.194,426.43,234.137,84.944,DLR
513,858,16.896,83.614,330.267,856.789,262.313,173.27,DLR
513,859,0.474,3.26,0.162,0.62700003,1.405,0.365,DLR
513,860,59.213,430.566,625.622,1321.9,576.446,271.527,DLR
513,861,76.102,1111.127,666.228,890.43,464.302,160.923,DLR
513,862,156.448,725.268,1029.067,2791.495,974.088,424.776,DLR
513,864,0.487,2.048,6.063,7.053,2.418,0.187,DLR
513,865,69.319,470.834,591.044,1139.483,559.303,293.618,DLR
513,866,0.0,3.784,19.297,23.104,11.561,7.351,DLR
513,867,4.165,16.825,25.78,29.862,27.317,10.621,DLR
513,879,42.693,360.27,862.195,693.78,294.838,125.722,DLR
513,882,21.849,159.849,164.557,387.451,230.124,87.376,DLR
513,883,45.593998,314.776,253.93001,516.757,284.941,106.395996,DLR
513,884,20.169,50.474,68.036,406.416,125.816,38.665,DLR
513,886,6.839,34.448,20.024,212.624,97.832,13.619,DLR
513,887,6.053,81.037,15.329,81.836,30.728,5.804,DLR
513,888,7.705,62.391,14.946,121.61,37.117,6.558,DLR
513,889,2.798,0.926,2.683,0.0,0.579,1.087,DLR
513,890,5.059,29.557,6.518,85.155,29.975,4.405,DLR
513,891,0.528,6.067,4.401,30.963,11.107,2.559,DLR
513,893,3.832,28.824,7.515,39.373,14.185,2.795,DLR
513,894,5.345,29.295,5.848,76.574,33.637,5.464,DLR
513,895,4.412,18.565,11.242,134.642,42.631,5.3450003,DLR
513,897,49.923,74.672,202.03,368.49,198.922,92.819,DLR
513,898,25.317,30.012,86.766,201.654,111.666,50.292,DLR
513,928,7.678,49.009,94.921,70.978,63.726,27.623,DLR
513,940,35.923,131.88,214.118,631.004,164.905,46.235,DLR
523,504,3.033,26.087,18.89,12.503,1.1800001,0.347,DLR
523,513,65.8,153.631,71.466,64.39,17.509,3.221,DLR
523,533,1.619,10.5390005,10.922,7.614,1.254,0.267,DLR
523,538,0.71,3.438,12.603,6.56,0.792,0.0,DLR
523,559,2.215,11.105,20.502,14.177,0.554,0.702,DLR
523,573,59.04,192.015,147.681,170.698,65.818,25.617,DLR
523,719,51.425,132.073,110.957,101.207,32.154,6.907,DLR
523,749,3.427,11.783,12.871,10.276,0.496,0.545,DLR
523,750,1.7030001,7.172,8.639,5.301,1.214,0.0,DLR
523,757,10.964,70.53,35.966,48.375,16.489,2.266,DLR
523,842,4.973,8.72,6.852,4.479,0.0,0.0,DLR
523,851,0.0,3.328,2.068,1.61,0.238,0.248,DLR
523,853,0.0,9.511,0.844,0.156,0.168,0.0,DLR
523,854,0.213,1.828,0.9,0.842,0.0,0.254,DLR
523,855,1.183,4.499,0.0,4.585,0.047,0.0,DLR
523,858,3.4880002,10.642,11.568,19.744,0.25800002,3.671,DLR
523,859,0.204,2.085,0.0,0.898,0.0,0.0,DLR
523,860,7.796,33.294,15.224,15.092999,2.783,0.834,DLR
523,861,0.449,6.367,3.127,2.884,0.284,0.0,DLR
523,862,19.536,9.181,4.726,5.916,2.827,0.248,DLR
523,864,1.464,6.694,5.166,3.766,0.0,0.228,DLR
523,865,4.816,12.599,8.227,5.7730002,1.297,0.0,DLR
523,866,0.0,2.385,2.924,1.459,2.177,0.0,DLR
523,867,0.767,4.843,0.758,2.156,0.236,0.0,DLR
523,879,0.282,2.849,5.338,1.6949999,0.478,0.0,DLR
523,882,4.677,0.972,1.642,1.6719999,0.365,0.0,DLR
523,883,1.295,11.911,4.526,0.812,0.724,1.673,DLR
523,884,112.305,224.057,218.582,146.077,53.586,12.73,DLR
523,886,0.0,1.0090001,8.382,7.27,2.547,0.344,DLR
523,887,0.842,0.641,1.914,2.938,0.0,0.0,DLR
523,888,0.0,0.521,2.414,1.967,0.0,0.0,DLR
523,889,11.206,6.646,16.845,5.826,0.536,0.296,DLR
523,890,0.0,1.035,4.52,2.708,0.281,0.0,DLR
523,928,0.0,0.059,0.0,0.008,0.022,0.0,DLR
523,940,0.641,0.75200003,2.099,3.314,0.024,0.0,DLR
533,504,3.518,45.317,55.244,47.625,33.809,0.366,DLR
533,513,22.319,636.216,521.765,386.884,186.626,3.557,DLR
533,523,0.0,15.938,14.516,3.655,1.63,0.357,DLR
533,538,0.604,13.161,20.154,11.057,9.98,0.46,DLR
533,559,0.482,15.628,25.175,5.529,6.253,0.37,DLR
533,573,42.936,187.443,182.128,196.198,142.681,17.583,DLR
533,719,21.068,201.997,263.987,198.873,144.828,6.5750003,DLR
533,749,1.166,20.074,18.273,11.197,10.518,0.0,DLR
533,750,6.613,2.815,7.694,3.205,1.404,0.0,DLR
533,757,6.286,91.97,89.431,79.885,56.939,5.636,DLR
533,842,1.418,28.303,26.7,29.295,11.102,0.675,DLR
533,850,0.0,0.0,2.743,1.722,0.786,0.0,DLR
533,851,1.784,0.94699997,7.367,7.381,3.3470001,0.0,DLR
533,853,0.0,6.977,6.767,3.758,1.602,0.0,DLR
533,854,0.0,2.82,3.4,4.969,5.1740003,0.242,DLR
533,855,1.985,12.241,4.711,2.955,1.426,0.0,DLR
533,856,0.0,0.655,4.1,2.797,2.049,0.20899999,DLR
533,857,0.0,4.538,2.183,4.211,2.473,0.263,DLR
533,858,3.085,50.26,54.277,42.251,17.507,5.206,DLR
533,859,0.0,2.844,1.04,0.64,0.528,0.153,DLR
533,860,3.016,51.936,47.783,51.027,35.27,1.716,DLR
533,861,0.075,7.6280003,6.731,5.611,5.54,0.0,DLR
533,862,1.662,21.491,20.62,23.884,11.715,0.324,DLR
533,864,0.358,67.26,86.018,46.629,25.076,0.375,DLR
533,865,3.866,19.123,24.433,19.543,12.52,0.52099997,DLR
533,866,0.0,3.885,3.3439999,2.243,2.867,0.687,DLR
533,867,0.0,3.219,3.907,1.788,1.923,0.18,DLR
533,879,0.098000005,2.6430001,8.249,6.156,3.205,0.0,DLR
533,882,0.238,5.883,9.0130005,8.525,6.281,0.0,DLR
533,883,0.206,6.932,7.572,6.52,7.048,2.905,DLR
533,884,36.453,491.076,826.898,525.33203,471.742,17.816,DLR
533,886,0.36,4.385,9.824,5.782,4.922,0.26,DLR
533,887,0.0,2.833,3.354,2.463,1.062,0.0,DLR
533,888,0.185,1.19,2.5180001,2.385,1.319,0.545,DLR
533,889,1.067,8.4,5.927,1.721,0.984,0.487,DLR
533,890,0.311,1.102,2.485,1.021,0.379,0.0,DLR
533,895,0.184,0.59,1.665,1.601,2.013,0.0,DLR
533,897,0.499,1.658,5.65,4.949,4.794,0.0,DLR
533,898,0.0,2.26,3.3240001,2.179,1.957,0.0,DLR
533,928,0.0,0.475,1.27,0.209,1.174,0.033,DLR
533,940,0.091,3.569,15.014999,14.464,6.295,0.0,DLR
538,504,6.713,47.554,33.149,13.524,5.864,0.793,DLR
538,513,64.977,565.232,137.267,116.265,19.013,6.083,DLR
538,523,0.551,20.386,6.175,3.064,0.198,0.184,DLR
538,533,8.543,22.613,18.537,8.4539995,2.46,0.011,DLR
538,559,0.202,1.144,1.592,1.893,0.336,0.315,DLR
538,573,14.116,61.574,74.729,92.232,21.406,8.4210005,DLR
538,719,26.558,240.437,166.568,163.611,37.858,12.46,DLR
538,749,2.869,21.63,9.302,8.581,3.506,6.5509996,DLR
538,750,0.866,0.945,4.287,4.209,0.062,0.374,DLR
538,757,9.264,123.954,51.052002,98.87,15.26,4.157,DLR
538,842,9.114,52.586998,18.055,19.156,3.9720001,0.296,DLR
538,850,0.496,1.892,0.194,2.354,0.184,0.0,DLR
538,851,1.974,1.763,2.358,1.853,1.076,0.182,DLR
538,853,0.0,3.656,2.603,0.98,0.35,0.0,DLR
538,854,0.0,2.66,3.238,1.732,0.459,0.242,DLR
538,855,0.0,19.696,2.326,4.5230002,0.0,0.0,DLR
538,856,0.0,5.953,0.814,0.608,0.0,0.0,DLR
538,857,0.0,3.049,2.11,0.591,0.376,0.0,DLR
538,858,8.981,74.062996,48.47,50.381,12.586,0.673,DLR
538,859,0.84499997,0.64,1.3840001,1.403,0.029,0.0,DLR
538,860,12.321,73.527,17.931,16.817,7.467,1.3330001,DLR
538,861,1.7080001,21.021,6.657,5.369,1.917,0.389,DLR
538,862,4.689,11.4470005,10.11,11.44,3.355,0.964,DLR
538,864,4.507,38.043,11.531,5.625,0.675,0.05,DLR
538,865,1.704,15.414,14.748,11.309,1.287,0.836,DLR
538,866,3.417,4.431,5.925,3.591,0.0,0.0,DLR
538,867,0.0,0.531,1.7,2.576,0.691,0.0,DLR
538,879,0.368,3.117,10.243,2.611,1.833,0.0,DLR
538,882,0.791,3.761,4.037,4.053,0.522,0.269,DLR
538,883,2.8240001,6.96,6.865,6.873,1.589,1.373,DLR
538,884,92.443,557.535,376.789,245.753,76.249,17.241,DLR
538,886,0.0,3.614,5.043,3.533,2.272,0.757,DLR
538,887,0.0,0.837,1.503,0.782,0.559,0.0,DLR
538,888,0.0,1.635,1.577,0.281,0.188,0.0,DLR
538,889,0.815,6.415,4.219,0.83599997,1.045,0.0,DLR
538,893,0.0,3.233,3.051,1.116,0.216,0.0,DLR
538,894,0.0,1.299,1.92,0.888,0.543,0.667,DLR
538,895,0.206,1.781,3.2680001,1.732,0.614,0.3,DLR
538,897,0.0,2.905,1.367,1.566,0.0,0.315,DLR
538,928,0.076,0.483,0.644,0.215,0.056,0.0,DLR
538,940,1.555,4.91,6.477,4.796,1.738,0.537,DLR
559,504,3.767,26.131,24.789,16.106,1.363,2.4029999,DLR
559,513,38.293,195.231,79.574,82.739,8.911,3.302,DLR
559,523,1.95,39.685,6.2730002,4.735,2.399,1.121,DLR
559,533,3.99,18.343,19.616,9.133,1.844,0.64,DLR
559,538,0.277,3.206,2.89,1.138,0.672,0.0,DLR
559,573,13.596,28.604,43.854,45.213,15.542,10.779,DLR
559,719,13.227,129.421,120.623,186.51,39.894,7.862,DLR
559,749,0.0,17.752,13.776,5.051,0.612,0.0,DLR
559,750,0.38,4.077,2.215,1.184,0.431,0.36,DLR
559,757,11.591,58.282,53.273,125.725,16.985,16.092001,DLR
559,842,1.362,22.14,10.916,10.806,0.249,0.0,DLR
559,850,0.0,0.862,1.302,1.271,0.0,0.0,DLR
559,851,0.29,3.482,1.338,1.6340001,0.0,0.0,DLR
559,853,0.0,0.0,3.375,3.343,0.352,0.0,DLR
559,854,0.90999997,1.972,5.862,0.617,0.0,0.0,DLR
559,855,1.114,10.081,0.926,0.0,0.0,0.0,DLR
559,858,6.152,21.527,10.957,16.874,3.296,1.375,DLR
559,859,0.354,3.09,0.813,0.756,0.0,0.0,DLR
559,860,1.774,34.416,16.232,17.679,4.923,0.474,DLR
559,861,2.215,7.789,2.505,1.843,0.197,0.0,DLR
559,862,2.804,5.443,8.916,9.043,1.421,0.07,DLR
559,864,3.891,13.453,6.731,2.195,0.118,0.0,DLR
559,865,1.9760001,8.692,6.576,9.291,1.138,0.767,DLR
559,866,0.0,1.227,4.1679997,3.092,0.0,0.0,DLR
559,867,0.56,1.865,0.514,5.096,0.463,0.0,DLR
559,879,2.271,1.725,6.573,3.007,0.393,0.0,DLR
559,882,0.366,4.742,1.779,2.437,0.0,0.317,DLR
559,883,0.574,4.572,6.254,3.124,0.496,0.422,DLR
559,884,72.766,229.374,234.322,158.154,48.696,12.98,DLR
559,886,0.0,0.492,2.065,1.355,0.739,0.044,DLR
559,887,0.0,0.446,0.749,0.722,0.0,0.0,DLR
559,889,0.61300004,8.217,5.359,3.529,0.508,0.0,DLR
559,890,0.0,0.18900001,1.121,0.997,0.64,0.433,DLR
559,891,0.0,3.614,0.592,0.40600002,0.0,0.0,DLR
559,893,0.0,1.028,2.388,1.483,0.153,0.0,DLR
559,894,0.153,0.49,2.6430001,2.296,0.359,0.026,DLR
559,895,0.744,2.901,3.034,2.906,1.663,0.0,DLR
559,897,0.0,0.276,1.275,1.028,1.733,0.0,DLR
559,928,0.463,0.83599997,0.508,0.174,0.132,0.0,DLR
559,940,0.844,1.2590001,4.802,4.936,0.667,0.57699996,DLR
573,504,147.712,314.978,165.61101,140.621,33.101,7.311,DLR
573,513,546.003,1340.632,606.653,654.201,119.908,36.738,DLR
573,523,86.915,210.624,167.555,192.128,69.141,19.621,DLR
573,533,197.471,305.109,193.339,216.433,66.69,14.581,DLR
573,538,41.06,184.139,71.625,65.727,35.274,9.024,DLR
573,559,22.902,81.282,45.099,37.598,11.291,14.179,DLR
573,719,742.603,1642.494,1155.602,1170.484,399.077,92.455,DLR
573,749,81.474,255.394,73.742,74.514,25.545,11.85,DLR
573,750,13.806,20.849,13.818,37.216,6.6480002,2.811,DLR
573,757,349.192,608.326,347.211,680.758,278.005,65.996,DLR
573,842,46.294,82.79,29.935,43.25,9.714,1.764,DLR
573,850,0.962,7.173,9.617,6.191,2.266,0.26999998,DLR
573,851,35.484,20.567,11.358,12.823,5.653,3.872,DLR
573,853,30.827,46.651,14.155,10.473001,0.74300003,0.985,DLR
573,854,0.546,1.41,0.18599999,0.592,0.326,0.272,DLR
573,855,8.0789995,21.387,1.439,0.974,0.7,0.039,DLR
573,856,0.155,0.0,0.0,0.0,0.0,0.0,DLR
573,857,0.0,0.0,0.0,0.268,0.099,0.0,DLR
573,858,180.438,235.418,150.659,174.563,58.246998,19.361,DLR
573,859,8.256,9.037,2.3,1.388,0.269,0.671,DLR
573,860,141.255,366.867,133.213,126.372,26.34,8.098,DLR
573,861,5.982,25.227,0.296,1.768,0.378,0.122999996,DLR
573,862,134.373,123.692,61.339,90.87,14.426,3.2450001,DLR
573,864,43.572,127.63,59.29,25.504,2.273,0.77,DLR
573,865,48.435,76.994,63.045,56.124,22.839,8.068,DLR
573,866,4.252,6.107,10.394,4.248,0.40600002,0.0,DLR
573,867,14.96,10.826,4.713,4.832,1.03,1.61,DLR
573,882,30.935,36.294,18.172,11.893,4.252,0.824,DLR
573,883,53.589,108.88,32.652,31.727,11.872,4.752,DLR
573,884,897.6,1425.555,1868.396,1237.67,494.026,160.852,DLR
573,886,10.508,20.642,20.719,27.991,8.685,1.17,DLR
573,887,4.847,12.675,15.714,17.105,3.695,1.126,DLR
573,888,8.109,17.774,17.657999,25.785,4.462,5.912,DLR
573,889,55.668,85.942,20.547,47.975,19.102,8.839,DLR
573,890,15.523,29.114,10.604,8.604,4.88,0.89,DLR
573,891,21.338,3.2419999,2.053,5.571,1.858,0.0,DLR
573,893,2.121,27.681,41.449,11.235,1.747,0.493,DLR
573,894,3.726,8.368,6.526,4.442,2.7,1.472,DLR
573,895,4.54,9.649,17.243,26.408,9.659,1.525,DLR
719,504,72.177,486.51,484.74,947.198,514.473,230.732,DLR
719,523,44.703,93.184,95.201004,149.226,64.251,17.846,DLR
719,533,71.76,170.229,233.615,211.121,59.166,13.976,DLR
719,538,58.24,221.509,119.82,156.594,126.14,32.486,DLR
719,559,64.57,213.494,104.577,104.059,63.359,17.49,DLR
719,573,512.204,1106.306,886.753,1495.356,750.513,232.274,DLR
719,749,12.47,119.362,94.9,155.147,82.751,54.209,DLR
719,750,62.577,223.011,246.078,332.483,154.541,63.9,DLR
719,757,30.975,33.181,129.619,75.877,39.811,26.532999,DLR
719,842,270.102,1509.043,367.459,403.139,79.151,25.599,DLR
719,850,30.986,157.528,262.227,302.233,140.925,69.879,DLR
719,851,47.595,177.812,263.03,323.362,131.531,46.998,DLR
719,853,250.26,626.026,667.877,620.106,188.483,68.998,DLR
719,854,27.666,140.164,85.632,84.072,26.93,6.326,DLR
719,855,48.788002,216.163,20.329,19.591,5.141,1.821,DLR
719,856,17.287,64.801,35.255,31.717001,15.365,3.565,DLR
719,857,2.295,16.708,27.765,43.954,13.657,4.645,DLR
719,858,45.166,145.617,270.693,182.015,68.394,27.97,DLR
719,859,20.886,222.678,101.064,179.715,104.421,44.905,DLR
719,860,12.89,13.126,21.072,0.0,7.748,0.802,DLR
719,861,102.662,696.037,159.646,80.274,25.006,7.75,DLR
719,862,26.277,44.603,90.375,0.994,23.069,4.065,DLR
719,864,2.1890001,2.256,9.014,0.053,0.235,0.157,DLR
719,865,9.858,15.303,42.941,0.967,13.723,2.049,DLR
719,866,54.644,184.272,121.247,72.687,20.263,9.639,DLR
719,867,54.192,242.58,322.774,522.857,256.147,89.022,DLR
719,879,44.134,243.314,305.718,98.045,28.209,7.32,DLR
719,882,2.292,6.137,12.159,0.168,0.418,0.058000002,DLR
719,883,7.656,24.903,16.75,0.199,0.285,0.038000003,DLR
719,884,8.814,11.601,41.096,28.41,26.924,8.814,DLR
719,886,4.776,1.225,1.911,0.0,0.274,0.26,DLR
719,887,2.732,0.651,1.875,0.0,0.034,0.0050000004,DLR
719,888,1.299,0.35300002,1.191,0.0,0.165,0.151,DLR
719,889,194.146,430.904,237.666,279.533,99.835,44.711,DLR
719,890,1.36,1.557,1.38,0.0,0.067,0.037,DLR
719,891,1.805,0.215,0.0,0.0,0.0,0.0,DLR
719,893,0.683,3.141,1.719,0.0,0.04,0.114,DLR
719,894,3.206,0.319,1.091,0.0,0.12,0.431,DLR
719,895,1.888,0.381,1.428,0.0,0.198,0.087,DLR
719,897,45.434,66.795,62.713,77.071,28.67,7.547,DLR
719,898,31.573,24.966,28.371,40.717,16.494,4.839,DLR
719,928,10.137,29.212,16.53,13.81,6.132,1.69,DLR
719,940,124.975,292.105,226.689,529.485,110.944,22.172,DLR
749,504,4.033,28.808,47.754,37.766,21.297,2.463,DLR
749,523,0.95,7.887,11.7,10.601,3.447,1.515,DLR
749,533,4.616,17.862,20.045,14.589,1.41,0.0,DLR
749,538,5.741,7.491,12.084,7.811,11.788,2.178,DLR
749,559,2.083,8.266,15.962,8.565,4.214,1.423,DLR
749,573,24.909,45.325,79.246,165.675,42.172,29.558,DLR
749,719,8.345,96.849,97.938,85.995,23.82,9.075,DLR
749,750,0.0,3.411,16.518,6.894,5.903,1.317,DLR
749,757,12.617,95.159,122.438,189.83301,41.997,17.843,DLR
749,860,0.0,1.735,3.717,1.612,1.349,1.1,DLR
749,861,0.0,1.725,0.60400003,0.722,0.438,0.029000001,DLR
749,862,0.0,3.4390001,5.3320003,2.323,0.55,0.425,DLR
749,864,0.229,0.828,2.054,1.305,0.313,0.0,DLR
749,865,2.181,0.48,2.452,1.198,0.691,0.526,DLR
749,879,0.0,0.183,3.997,1.5320001,0.035,0.002,DLR
749,883,0.0,6.639,6.932,2.908,1.766,1.621,DLR
749,884,0.322,19.228,44.693,15.639,17.579,5.406,DLR
749,886,0.487,1.531,7.452,1.979,2.104,2.712,DLR
749,887,0.0,4.2929997,3.795,1.044,1.017,0.513,DLR
749,888,0.0,4.772,2.376,2.885,2.726,2.159,DLR
749,889,8.203,22.023,24.067,13.11,8.695,0.526,DLR
749,890,0.0,3.013,6.19,2.8569999,1.334,0.0,DLR
749,891,0.0,1.727,2.332,2.729,0.722,1.294,DLR
749,893,0.0,3.943,6.403,3.27,2.582,0.553,DLR
749,894,0.0,5.208,7.256,2.308,1.926,1.432,DLR
749,895,0.0,0.492,2.152,3.133,0.465,0.0,DLR
750,504,4.3589997,33.628,45.918,17.67,7.575,6.153,DLR
750,513,0.629,0.022,0.0,0.327,0.0,0.0,DLR
750,523,1.191,5.027,8.044,5.027,2.262,0.0,DLR
750,533,0.768,4.265,4.837,4.069,5.396,0.383,DLR
750,538,1.353,8.75,1.209,1.05,0.571,0.0,DLR
750,559,0.0,2.244,2.722,2.429,1.67,1.393,DLR
750,573,14.623,32.588,14.268001,16.723999,9.9470005,4.173,DLR
750,719,69.612,285.007,306.091,218.334,68.237,29.67,DLR
750,749,0.0,10.494,23.129,10.422,1.915,0.749,DLR
750,757,33.767,130.271,74.013,68.229,18.956,6.177,DLR
750,842,0.189,1.143,2.158,0.67,0.604,0.0,DLR
750,853,0.919,8.225,1.555,0.959,0.157,0.134,DLR
750,854,0.0,1.406,2.404,0.365,0.0,0.241,DLR
750,856,0.15100001,2.126,0.024,1.024,0.011,0.0,DLR
750,858,2.346,0.852,2.755,4.109,2.043,0.0,DLR
750,860,0.0,1.628,2.55,2.081,0.679,0.22299999,DLR
750,861,0.002,7.2070003,1.415,0.557,0.204,0.001,DLR
750,862,10.04,2.275,2.964,3.077,0.317,0.0,DLR
750,865,1.503,3.27,2.981,3.26,2.257,0.339,DLR
750,867,0.0,1.062,1.454,2.45,0.0,0.0,DLR
750,879,0.0,2.423,4.242,1.077,0.561,0.0,DLR
750,882,0.211,3.522,0.315,0.0,0.0,0.361,DLR
750,883,0.211,2.734,1.103,1.931,0.692,0.558,DLR
750,884,13.064,37.389,76.507,7.615,13.927,8.242,DLR
750,887,0.0,0.652,0.386,0.438,1.815,0.39,DLR
750,888,0.0,1.643,2.415,5.684,0.335,0.334,DLR
750,889,1.814,7.717,7.037,3.59,3.895,0.0,DLR
750,890,0.0,4.068,3.577,0.0,0.533,0.0,DLR
750,893,0.0,7.6679997,3.133,1.324,0.61800003,1.802,DLR
750,895,0.257,1.586,2.325,1.3970001,0.0,0.0,DLR
750,940,0.838,0.698,7.403,2.865,0.187,0.016,DLR
757,504,77.187,298.118,170.973,197.164,80.116,23.254,DLR
757,523,27.678,54.624,38.43,47.738,19.799,7.992,DLR
757,533,44.497,80.319,98.964,80.537,20.444,6.178,DLR
757,538,23.876,145.576,42.228,55.948,38.420002,12.424,DLR
757,559,47.699,136.476,49.982,46.16,20.856,8.105,DLR
757,573,361.738,591.042,363.311,458.354,218.786,74.231,DLR
757,719,170.55501,76.857,194.963,127.166,44.865,7.677,DLR
757,749,40.496,251.372,83.845,82.807,34.744,7.084,DLR
757,750,11.973001,57.354,62.673,122.709,40.135,13.904,DLR
757,842,0.61,0.067999996,0.19,0.381,0.0,0.0,DLR
757,850,0.47,0.825,1.172,0.121,0.166,0.018,DLR
757,853,6.983,4.841,2.944,0.211,0.133,0.21000001,DLR
757,854,0.44599998,0.176,0.0,0.0,0.0,0.0,DLR
757,856,0.157,0.201,0.0,0.0,0.0,0.0,DLR
757,857,0.049000002,0.14,0.0,0.0,0.0,0.0,DLR
757,858,0.369,1.661,2.263,1.8050001,0.68299997,0.159,DLR
757,859,1.659,3.126,0.362,0.067999996,0.043,0.009,DLR
757,860,0.023,0.011,0.035,0.0,0.0,0.021,DLR
757,861,0.277,0.511,0.0,0.0,0.0,0.0,DLR
757,862,0.117,0.139,0.3,0.514,0.035,0.006,DLR
757,865,0.018,0.465,0.645,0.087,0.335,0.098000005,DLR
757,866,0.122999996,0.045,0.266,0.019,0.0,0.062,DLR
757,867,0.557,0.038000003,0.144,0.008,0.025,0.0,DLR
757,879,0.333,0.308,0.0,0.0,0.0,0.0,DLR
757,882,0.036,2.861,1.067,0.453,0.424,0.20899999,DLR
757,883,0.24499999,8.024,6.216,0.838,0.524,0.120000005,DLR
757,884,2.375,5.636,11.385,7.15,9.249,4.356,DLR
757,886,0.15,0.047,0.0,0.0,0.0,0.0,DLR
757,887,0.146,0.023,0.0,0.0,0.0,0.0,DLR
757,888,0.29299998,0.01,0.0,0.0,0.0,0.0,DLR
757,889,94.648,255.47,123.238,142.419,51.143,24.059,DLR
757,890,0.15799999,0.16499999,0.0,0.0,0.0,0.0,DLR
757,893,0.22500001,0.14,0.0,0.0,0.0,0.0,DLR
757,894,0.242,0.024,0.0,0.0,0.0,0.0,DLR
757,895,0.001,0.004,0.0,0.0,0.0,0.0,DLR
757,897,2.246,0.248,0.0,0.0,0.0,0.0,DLR
757,898,0.385,0.105000004,0.0,0.0,0.0,0.0,DLR
757,928,0.008,0.044999998,0.0,0.0,0.0,0.0,DLR
757,940,1.092,1.306,0.0,0.0,0.0,0.0,DLR
842,504,1.039,14.74,10.125,62.563,22.334,2.946,DLR
842,513,78.71,2627.709,1899.26,2221.374,617.43,139.51,DLR
842,523,0.0,7.735,5.33,7.077,6.613,3.196,DLR
842,533,2.958,12.857,42.342,37.352,4.258,0.509,DLR
842,538,2.1990001,7.624,13.524,37.296,32.621,6.085,DLR
842,559,0.0,5.971,7.887,25.019,14.725,1.455,DLR
842,573,18.235,36.896,57.795002,76.922005,56.213,51.151,DLR
842,719,54.187,314.509,416.776,1916.781,466.496,97.958,DLR
842,749,0.0,5.656,1.174,3.351,0.758,0.0,DLR
842,750,0.0,2.712,0.939,4.485,1.613,1.073,DLR
842,757,0.0,0.167,0.01,0.058,0.278,0.18300001,DLR
842,842,0.0,0.0,0.022,0.0,0.0,0.0,DLR
842,850,2.3669999,27.001999,116.162,122.553,60.412,26.743,DLR
842,851,28.559,96.427,103.973,217.914,115.951,34.753,DLR
842,853,39.806,316.312,305.524,183.074,89.827,22.075,DLR
842,854,5.598,76.627,165.944,113.36,107.152,39.281,DLR
842,855,12.572,52.183,35.821,22.506,10.453,5.8519998,DLR
842,856,10.526,42.647,91.352,83.716,79.102,22.876,DLR
842,857,2.445,38.784,60.601,66.29,69.592,16.162,DLR
842,858,0.82,26.02,140.571,65.515,45.707,12.468,DLR
842,859,1.446,27.784,24.975,37.669,24.078001,7.44,DLR
842,860,9.926,314.434,181.08,430.929,185.679,42.997,DLR
842,861,3.6990001,264.098,198.058,75.263,72.682,25.159,DLR
842,862,11.786,377.545,345.034,706.217,266.848,71.281,DLR
842,864,9.871,163.309,144.398,157.504,55.544,7.828,DLR
842,865,0.754,26.6,82.182,50.711,51.676,13.466,DLR
842,866,0.0,14.498,20.385,8.336,5.15,5.715,DLR
842,867,2.644,57.217,96.689,111.885,99.933,48.774,DLR
842,879,8.484,153.599,230.265,345.128,192.697,60.78,DLR
842,882,0.0,19.958,19.704,6.861,6.47,2.578,DLR
842,883,1.755,36.252,47.743,37.006,40.906,15.041,DLR
842,884,8.618,13.735,18.434,77.487,26.673,9.378,DLR
842,886,2.649,20.892,22.32,55.351,26.626,10.374,DLR
842,887,0.0,5.832,9.625,12.057,10.647,5.782,DLR
842,888,4.983,14.85,10.072,25.666,9.944,8.0720005,DLR
842,889,0.0,0.0,1.784,1.6850001,0.0,0.0,DLR
842,890,0.684,18.518,12.536,17.521,10.905,4.9960003,DLR
842,891,0.0,0.0,4.189,9.493,1.602,0.62,DLR
842,893,0.0,11.403,7.907,9.151,1.849,2.121,DLR
842,894,0.0,2.093,8.3289995,15.636,6.402,4.806,DLR
842,895,0.0,15.147,12.666,28.565,11.526,2.341,DLR
842,897,19.123,105.409,111.186,223.556,141.184,60.81,DLR
842,898,18.272,63.132,60.618,109.152,60.868,26.557,DLR
842,928,14.039,77.269,56.606,176.062,76.814,29.61,DLR
842,940,60.896,334.981,437.037,1791.012,543.311,137.495,DLR
850,504,0.0,9.983,5.106,5.04,2.525,0.0,DLR
850,513,16.574,93.684,81.944,35.917,17.597,11.1380005,DLR
850,533,0.566,1.288,3.365,3.006,0.033,0.0,DLR
850,538,0.926,5.034,1.247,1.268,3.226,0.886,DLR
850,573,1.335,5.0299997,10.16,6.802,5.955,0.601,DLR
850,719,32.833,258.572,342.807,251.322,94.712,31.982,DLR
850,757,0.097,0.406,0.157,0.0,0.62200004,1.031,DLR
850,842,13.77,67.873,155.121,116.484,36.096,13.674,DLR
850,851,12.682,74.911,123.089,68.232,26.802,8.853,DLR
850,853,0.0,25.536,26.138,7.2799997,2.736,0.485,DLR
850,854,0.97300005,4.518,10.925,5.739,4.1150002,1.737,DLR
850,855,7.788,30.426,5.871,7.212,2.9060001,0.076000005,DLR
850,856,0.0,5.753,6.022,2.203,1.308,0.288,DLR
850,857,0.0,2.0540001,6.5160003,4.316,0.613,0.333,DLR
850,858,1.245,3.255,25.557,15.125,3.068,1.195,DLR
850,859,0.35,6.149,5.775,3.384,1.253,0.356,DLR
850,860,1.446,18.848,25.838,15.844,6.584,3.072,DLR
850,861,1.036,12.15,16.698,7.642,5.36,3.12,DLR
850,862,1.034,4.326,14.216,10.461,2.882,0.992,DLR
850,864,0.94,16.572,12.729,3.972,1.438,0.458,DLR
850,865,0.0,1.254,8.359,4.263,1.058,0.781,DLR
850,866,1.248,11.569,23.976,9.463,9.051,0.0,DLR
850,867,1.653,27.509,55.683,28.59,12.699,5.491,DLR
850,879,2.594,13.573,26.726,6.086,2.268,1.066,DLR
850,883,0.0,0.0,9.411,3.247,2.647,0.0,DLR
850,884,2.266,9.096,27.099,5.052,5.295,2.391,DLR
850,886,0.0,0.783,2.905,1.658,1.336,0.286,DLR
850,887,0.137,0.438,1.883,0.801,0.489,0.0,DLR
850,890,0.0,0.504,1.131,1.458,0.766,0.0,DLR
850,893,0.0,1.311,4.3519998,1.052,1.867,0.0,DLR
850,894,0.0,4.806,3.1629999,0.964,0.0,0.0,DLR
850,895,0.25,1.373,4.166,3.835,1.257,0.0,DLR
850,897,3.4390001,10.676,16.154,5.703,2.641,0.451,DLR
850,898,0.0,1.039,2.844,2.368,0.884,0.085,DLR
850,928,0.619,4.309,1.535,0.759,0.417,0.02,DLR
850,940,1.656,21.504,26.964,30.245,4.814,3.7189999,DLR
851,504,0.377,8.41,7.869,6.681,4.11,2.458,DLR
851,513,2.22,3.564,1.663,0.832,1.184,0.17300001,DLR
851,523,0.348,1.295,3.819,2.969,3.9750001,0.775,DLR
851,533,4.314,7.673,5.345,5.7400002,1.69,4.446,DLR
851,538,0.548,0.525,3.186,0.372,3.39,0.639,DLR
851,559,0.502,2.878,2.067,4.132,1.883,0.027,DLR
851,573,6.322,20.26,17.588,32.822,15.847,4.636,DLR
851,719,30.074,361.757,417.917,349.48,195.393,51.366,DLR
851,842,35.305,289.554,172.375,195.575,71.654,24.438,DLR
851,850,6.184,70.577,153.606,106.932,46.292,30.97,DLR
851,853,33.342,235.487,285.284,150.818,42.607,21.854,DLR
851,854,3.838,29.799,29.988,34.928,8.623,8.66,DLR
851,855,11.462999,52.527,14.195,11.707,1.9269999,0.084,DLR
851,856,0.323,29.022,9.087,14.275,4.729,1.474,DLR
851,857,1.0550001,10.736,13.542,12.338,2.708,2.202,DLR
851,858,6.264,69.618,137.35,82.955,43.772,13.158999,DLR
851,859,1.318,31.437,7.892,7.292,4.484,0.898,DLR
851,860,0.382,41.886,33.876,19.572,8.343,1.842,DLR
851,861,4.795,107.141,34.183,31.66,12.412,2.567,DLR
851,862,13.256,30.281,40.675,44.614,16.707,11.965,DLR
851,864,1.3790001,5.392,5.619,1.44,0.0,0.0,DLR
851,865,1.8230001,7.383,14.888,11.298,4.5690002,2.514,DLR
851,866,5.172,23.449,46.148,27.563,12.13,4.732,DLR
851,867,1.632,16.143,54.324,70.043,45.082,25.027,DLR
851,879,3.118,50.721,54.873,26.325,8.146,1.6140001,DLR
851,882,0.37399998,10.664,16.212,2.434,1.136,2.236,DLR
851,883,0.517,12.613,30.053999,10.78,6.009,5.733,DLR
851,884,0.21,0.415,2.944,0.355,1.339,3.0609999,DLR
851,886,1.24,8.988,9.619,7.594,3.962,1.364,DLR
851,887,0.671,4.083,2.664,2.718,1.49,0.0,DLR
851,888,0.87200004,5.317,3.429,3.18,7.208,0.0,DLR
851,890,0.0,13.63,5.308,5.505,0.553,0.0,DLR
851,891,0.0,1.414,1.1340001,1.656,1.527,0.0,DLR
851,893,0.0,5.312,8.9210005,4.404,0.331,0.0,DLR
851,894,1.078,14.812,6.626,5.245,0.109,0.0,DLR
851,895,0.668,4.506,5.359,6.841,0.087,0.758,DLR
851,897,3.6269999,19.979,21.717,17.258,6.217,5.9440002,DLR
851,898,2.458,7.377,5.915,8.09,3.84,1.802,DLR
851,928,1.25,8.544,4.35,3.253,2.028,0.615,DLR
851,940,4.81,58.754,68.363,136.651,24.945,16.785,DLR
853,504,0.879,8.195,7.802,5.705,7.6480002,2.543,DLR
853,513,27.314,172.651,130.885,85.025,79.781,28.976,DLR
853,533,1.063,5.38,2.149,3.112,0.33,0.0,DLR
853,538,0.122999996,1.5090001,1.3100001,1.788,0.134,6.947,DLR
853,559,0.0,3.432,0.602,2.202,0.906,0.0,DLR
853,573,3.8920002,7.5950003,12.903,18.343,8.692,4.542,DLR
853,719,68.29,597.921,639.834,591.508,349.963,161.544,DLR
853,757,0.048,0.536,0.294,0.0,0.841,0.84499997,DLR
853,842,16.339,149.44,258.309,341.034,170.453,16.813,DLR
853,850,0.20899999,7.801,25.657,16.662,6.671,2.665,DLR
853,851,16.887,129.095,172.453,109.018,70.616,38.174,DLR
853,854,0.591,6.603,17.905,16.309,9.481,4.761,DLR
853,855,7.788,64.439,22.236,18.64,2.423,0.12,DLR
853,856,0.0,12.64,7.1,9.672,7.2860003,0.248,DLR
853,857,0.0,2.803,4.787,4.411,3.618,3.318,DLR
853,858,0.41799998,13.684,50.48,46.809002,16.693,4.63,DLR
853,859,0.367,15.722,10.157,5.657,6.82,3.0,DLR
853,860,1.576,58.551,44.459,36.956,29.811,20.396,DLR
853,861,3.439,35.971,31.468,32.184,11.675,5.173,DLR
853,862,3.42,12.141,25.097,28.183,11.921,4.594,DLR
853,864,7.3450003,43.99,23.905,31.395,7.479,2.241,DLR
853,865,0.251,3.964,7.4,6.05,4.268,0.0,DLR
853,866,3.015,15.832,42.955,31.755001,28.665,0.0,DLR
853,867,0.12100001,11.194,40.367,22.173,21.263,7.9969997,DLR
853,879,0.493,18.067,31.779,13.847,4.83,3.172,DLR
853,882,0.0,1.378,4.847,2.3240001,2.431,0.0,DLR
853,883,0.512,3.5970001,8.767,7.385,7.2599998,2.584,DLR
853,884,2.336,16.115,40.422,9.569,23.472,4.801,DLR
853,886,0.0,4.123,2.388,6.33,0.696,3.467,DLR
853,887,0.214,1.459,2.842,6.097,2.792,0.0,DLR
853,888,0.38300002,0.876,2.26,4.935,0.724,1.608,DLR
853,889,0.361,1.18,1.258,1.729,0.0,0.0,DLR
853,890,0.0,0.409,1.235,4.164,1.7559999,3.434,DLR
853,893,0.0,5.56,7.427,4.369,1.848,0.0,DLR
853,894,0.26,1.682,2.294,3.121,0.0,0.0,DLR
853,895,0.0,2.901,6.962,6.027,4.189,1.694,DLR
853,897,0.528,10.027,15.524,15.983,7.4179997,13.583,DLR
853,928,0.67800003,9.542,1.906,3.854,1.905,0.05,DLR
853,940,2.251,30.37,26.992,35.696,12.716,6.532,DLR
854,504,0.908,3.695,3.0180001,3.026,0.689,0.62,DLR
854,513,73.78,730.026,425.904,307.728,139.772,47.929,DLR
854,523,0.0,0.0,2.746,1.206,0.348,0.50699997,DLR
854,533,1.38,4.849,4.99,3.626,1.114,0.408,DLR
854,538,0.222,1.629,2.685,1.856,2.321,0.584,DLR
854,559,0.0,3.167,1.038,2.46,1.469,0.506,DLR
854,573,0.072000004,0.177,3.71,2.015,2.151,0.241,DLR
854,719,9.999,61.908,83.2,133.937,33.325,5.541,DLR
854,750,0.0,0.442,1.218,0.799,0.959,2.128,DLR
854,757,0.35799998,0.108,0.022,0.0,0.009,0.0,DLR
854,842,11.455,108.244,170.515,136.043,58.243,18.634,DLR
854,850,0.208,7.167,6.112,9.112,3.0,1.437,DLR
854,851,1.226,19.844,27.414,20.616,3.863,2.224,DLR
854,853,0.694,16.464,11.3619995,13.481,1.858,1.687,DLR
854,855,22.497,239.663,209.183,135.501,56.195,16.703,DLR
854,856,0.119,35.468,21.514,19.902,11.391,5.198,DLR
854,857,0.0,8.748,6.054,10.004,5.562,2.776,DLR
854,858,0.16499999,12.534,4.35,15.597,5.658,0.0,DLR
854,859,0.0,1.661,2.545,2.711,0.817,0.225,DLR
854,860,5.872,125.506996,93.215,76.25,34.333,9.213,DLR
854,861,0.091000006,8.323,10.247,5.4769998,3.541,1.732,DLR
854,862,8.745,86.658,63.988,98.019,32.081,9.948,DLR
854,864,7.491,43.494,20.097,14.721,3.249,0.47800002,DLR
854,865,0.925,8.522,28.251999,28.573,11.5529995,6.185,DLR
854,866,3.693,6.188,23.297,16.887,9.722,2.16,DLR
854,867,1.2980001,4.919,12.789,10.785,4.09,2.748,DLR
854,879,4.886,35.233,104.864,59.445,38.955,12.31,DLR
854,882,0.312,2.017,2.032,0.296,0.846,2.304,DLR
854,883,0.0,1.953,6.968,6.199,5.53,0.912,DLR
854,884,0.403,6.936,8.55,13.258,11.649,3.466,DLR
854,886,0.0,1.064,3.838,6.975,4.901,1.924,DLR
854,887,0.111,3.087,1.536,2.604,2.336,0.328,DLR
854,888,0.0,1.8100001,2.294,5.495,4.084,1.245,DLR
854,889,0.0,0.358,0.578,2.492,0.537,0.0,DLR
854,890,0.0,1.13,1.893,0.908,0.833,0.243,DLR
854,893,0.0,1.316,1.207,0.884,1.079,0.0,DLR
854,894,0.0,3.649,1.478,1.494,1.651,0.6,DLR
854,895,0.203,2.94,5.2409997,10.251,2.991,0.0,DLR
854,897,8.582,37.565,68.135,45.345,22.864,13.727,DLR
854,898,0.0,3.696,6.806,8.521,5.633,1.243,DLR
854,928,3.091,28.44,22.08,44.764,19.884,4.735,DLR
854,940,11.246,73.536,88.159,212.868,52.481,19.072,DLR
855,504,0.0,0.82,2.102,6.685,2.0219998,0.089,DLR
855,513,47.686,913.02,729.989,1118.719,250.624,52.924,DLR
855,533,1.3939999,7.504,9.337,13.948,0.0,0.0,DLR
855,538,0.0,5.354,2.925,6.186,1.666,6.833,DLR
855,559,0.0,0.0,1.487,2.607,0.3,0.883,DLR
855,573,0.016,0.15,7.784,11.376,7.637,0.695,DLR
855,719,1.7099999,13.811,35.986,161.269,17.35,3.1890001,DLR
855,842,0.698,34.213,39.115,46.463,11.398,2.307,DLR
855,850,0.81299996,10.944,10.239,14.051,4.617,0.0,DLR
855,851,0.829,8.514,19.848999,14.813,10.985,1.791,DLR
855,853,3.554,40.06,11.254,13.539,7.4379997,0.0,DLR
855,854,14.511,59.304,169.302,183.16,130.324,94.295,DLR
855,856,9.069,48.384,95.487,124.464,100.428,89.532,DLR
855,857,1.615,18.476,74.084,110.587,74.176,57.945,DLR
855,858,2.721,4.123,3.1599998,18.404,15.5859995,0.0,DLR
855,859,0.694,1.753,3.774,4.948,2.364,0.676,DLR
855,860,0.359,55.647,57.97,218.396,91.101,28.525,DLR
855,861,10.417,150.95801,140.198,64.891,35.944,22.924,DLR
855,862,7.546,61.636,93.628,354.495,85.97,16.257,DLR
855,864,2.596,72.798996,80.617,106.303,16.534,7.6219997,DLR
855,865,0.433,4.966,29.019001,18.135,15.906,10.958,DLR
855,866,0.0,4.101,12.332,11.169,4.942,0.018000001,DLR
855,867,2.271,14.471,8.565,11.128,9.76,0.0,DLR
855,879,16.313,81.216,262.613,355.865,205.258,120.483,DLR
855,882,0.0,2.8109999,3.144,1.717,0.698,0.0,DLR
855,883,1.029,3.111,5.725,8.265,8.327,0.824,DLR
855,884,0.0,4.145,4.633,16.734,3.815,3.675,DLR
855,886,1.075,3.936,4.61,16.237,7.396,0.0,DLR
855,887,0.0,3.637,1.182,1.371,0.348,1.406,DLR
855,888,0.0,4.257,4.264,10.0130005,0.917,0.0,DLR
855,890,1.497,0.0,2.594,5.192,0.962,0.0,DLR
855,893,0.0,0.0,1.414,2.914,0.0,0.0,DLR
855,894,0.0,0.0,0.378,2.573,1.533,0.0,DLR
855,895,0.557,5.558,0.828,16.061,0.654,0.0,DLR
855,897,54.895,38.04,88.815,219.948,127.265,107.672005,DLR
855,898,15.776,4.682,43.048,102.311,66.21,34.873,DLR
855,928,3.165,18.073,37.346,117.59,51.021,28.1,DLR
855,940,29.703001,103.112,269.807,1253.935,334.771,130.767,DLR
856,513,69.252,532.323,298.109,149.451,50.057,17.462,DLR
856,523,0.305,0.828,2.397,0.351,0.174,0.0,DLR
856,533,3.326,1.695,1.848,2.594,0.0,0.0,DLR
856,538,0.0,0.0,2.709,1.897,1.177,0.219,DLR
856,573,0.0,0.0,0.005,0.0,0.017,0.026,DLR
856,719,3.031,35.955,54.62,39.848,9.425,1.708,DLR
856,750,2.555,0.0,0.421,1.633,0.0,0.0,DLR
856,757,0.013,0.115,0.0,0.0,0.004,0.0,DLR
856,842,9.159,94.261,110.565,89.681,17.546,3.019,DLR
856,850,0.0,0.678,7.88,1.688,0.836,0.287,DLR
856,851,4.242,7.498,16.025,8.9210005,4.157,0.352,DLR
856,853,0.0,4.932,16.115,2.745,1.197,0.556,DLR
856,854,0.365,18.223999,26.621,18.886,6.371,1.667,DLR
856,855,28.042,203.796,163.75,94.51,30.369,8.275,DLR
856,857,0.0,2.678,4.844,1.494,0.602,0.456,DLR
856,858,0.269,3.445,7.59,17.012,3.401,2.0640001,DLR
856,859,0.47800002,1.541,1.845,0.39699998,0.195,0.236,DLR
856,860,3.745,94.594,58.508,24.512,13.178,2.462,DLR
856,861,1.794,36.059002,29.971,14.193,6.802,3.95,DLR
856,862,6.379,56.419,26.976,28.663,9.96,3.649,DLR
856,864,3.9429998,32.588,15.8,3.456,0.647,0.01,DLR
856,865,0.855,5.331,17.693,8.962,5.813,1.54,DLR
856,866,1.753,5.525,9.519,5.772,6.724,2.411,DLR
856,867,1.176,10.455,7.024,3.783,2.205,0.676,DLR
856,879,4.671,30.86,91.206,41.056,29.143,6.099,DLR
856,883,0.0,1.393,5.439,4.026,0.65000004,0.237,DLR
856,884,0.123,3.632,3.924,3.375,5.722,0.75,DLR
856,886,0.0,0.77500004,2.797,0.71,0.93299997,0.015,DLR
856,887,0.0,0.48,2.174,0.128,0.0,0.301,DLR
856,888,0.0,2.699,1.335,0.0,0.53,0.0,DLR
856,889,0.459,2.23,1.008,0.752,0.155,0.0,DLR
856,893,0.914,2.1,3.656,0.472,0.020000001,0.786,DLR
856,895,0.0,3.978,2.682,2.138,0.277,0.924,DLR
856,897,11.925,35.292,38.95,24.097,13.18,7.504,DLR
856,898,2.112,10.26,6.356,8.95,3.568,2.194,DLR
856,928,2.99,111.98,21.675,14.207,10.404,2.9650002,DLR
856,940,10.771,76.727,79.565,66.881,26.175,8.988,DLR
857,513,59.692,583.46,203.761,105.598,45.420002,16.076,DLR
857,533,0.373,4.953,1.981,0.591,0.0,0.0,DLR
857,538,1.186,0.782,1.089,1.164,0.936,0.269,DLR
857,573,0.014,0.0,0.242,0.017,0.35,0.134,DLR
857,719,3.988,43.597,35.997,18.405,7.403,2.624,DLR
857,757,0.0,0.144,0.021000002,0.0,0.005,0.0,DLR
857,842,15.438,73.821,67.251,64.595,17.933,4.734,DLR
857,850,0.105000004,4.058,3.444,3.691,0.267,0.007,DLR
857,851,1.157,20.625,8.236,7.296,0.773,0.419,DLR
857,853,2.959,5.528,4.78,3.385,0.125,0.16600001,DLR
857,854,0.356,12.545,9.385,7.35,5.779,1.222,DLR
857,855,15.809,215.019,118.181,64.788,19.893,2.751,DLR
857,856,0.0,2.234,4.1,1.344,0.435,0.342,DLR
857,858,0.23099999,8.521,8.867,5.331,3.098,1.429,DLR
857,860,5.448,94.864,41.186,17.287,8.82,2.796,DLR
857,861,0.869,22.642,17.355,10.222,3.185,1.062,DLR
857,862,3.657,60.524,23.065,23.81,8.194,2.189,DLR
857,864,0.662,35.165,10.923,5.759,0.539,0.411,DLR
857,865,0.296,4.315,5.057,6.737,1.969,0.92,DLR
857,866,3.141,2.029,13.5390005,8.087,3.325,0.921,DLR
857,867,0.0,6.333,6.188,3.374,1.468,0.631,DLR
857,879,1.819,25.839,57.026,20.574,15.586,4.346,DLR
857,882,0.0,2.581,1.058,0.0,0.241,0.0,DLR
857,883,0.0,1.295,1.03,1.46,0.84000003,0.0,DLR
857,884,0.035,5.749,3.99,3.307,3.26,0.865,DLR
857,886,1.577,1.794,3.594,1.255,1.045,0.505,DLR
857,887,0.0,0.374,1.03,0.349,0.465,0.0,DLR
857,888,0.0,1.818,0.982,0.571,0.0,0.0,DLR
857,893,0.0,1.446,2.621,0.513,0.0,0.0,DLR
857,895,0.0,1.341,1.316,1.482,0.0,0.0,DLR
857,897,13.243,34.723,31.966,21.827,7.491,1.732,DLR
857,898,0.998,0.94,3.63,2.062,2.086,0.454,DLR
857,928,5.64,41.682,6.954,6.452,5.538,1.077,DLR
857,940,6.591,51.18,42.692,38.318,13.015,4.813,DLR
858,504,0.0,6.4769998,5.86,4.505,2.025,0.034,DLR
858,513,90.902,749.428,324.932,115.653,44.688,8.764,DLR
858,523,0.733,1.727,14.395,14.712,6.238,2.571,DLR
858,533,16.795,24.465,77.112,73.253,5.157,0.319,DLR
858,538,0.786,30.726,38.2,47.704998,38.51,10.893,DLR
858,559,1.676,3.459,13.509,23.58,16.946,4.199,DLR
858,573,62.991,67.474,131.919,244.533,133.887,58.106,DLR
858,719,22.749,164.89,267.979,165.463,56.091,11.26,DLR
858,750,5.847,0.0,6.751,1.484,0.352,0.0,DLR
858,757,0.0,0.285,4.456,0.484,0.672,0.175,DLR
858,842,13.97,55.238,125.528,25.265,9.162,2.748,DLR
858,850,0.0,13.081,28.62,4.595,1.22,1.7049999,DLR
858,851,1.237,39.924,111.675,32.679,18.935,3.614,DLR
858,853,3.819,95.788,48.957,6.957,4.159,1.749,DLR
858,854,1.672,27.272,26.797,6.476,1.8069999,0.078999996,DLR
858,855,1.641,22.957,15.088,1.899,0.024,0.007,DLR
858,856,0.0,2.974,7.397,0.91,1.212,0.049,DLR
858,857,1.183,2.93,11.861,2.0740001,1.783,0.114999995,DLR
858,859,0.498,10.791,2.921,3.796,2.98,1.169,DLR
858,860,8.597,187.547,167.086,57.337,17.077,3.072,DLR
858,861,1.3510001,46.014,20.352,5.705,2.773,0.169,DLR
858,862,7.954,25.662,83.588,58.443,10.864,3.481,DLR
858,864,14.419001,188.851,134.767,73.684,22.943,8.483,DLR
858,865,0.0,4.16,9.111,3.843,0.361,0.021,DLR
858,866,0.0,3.781,10.287,1.038,0.452,0.0,DLR
858,867,0.455,29.557,63.336,19.781,8.823,1.765,DLR
858,879,7.428,36.494,24.933,3.403,2.399,1.291,DLR
858,882,0.0,7.998,19.013,1.366,2.218,0.95,DLR
858,883,0.442,16.124,29.126,10.664,15.614,3.999,DLR
858,884,23.332,192.805,180.532,83.562,47.761,24.218,DLR
858,886,13.205,28.257,45.373,51.818,51.724,18.6,DLR
858,887,0.198,13.819,17.005,9.78,9.61,9.32,DLR
858,888,1.948,21.855,23.245,21.936,14.938,11.586,DLR
858,889,1.49,5.041,2.2089999,2.452,0.062,0.0,DLR
858,890,0.0,20.717,12.352,14.6449995,14.841,5.676,DLR
858,891,0.0,0.0,8.788,8.407,5.548,1.334,DLR
858,893,0.60899997,28.948,14.517,7.086,3.317,2.701,DLR
858,894,0.417,27.12,12.588,14.518,11.167,4.273,DLR
858,895,13.217,26.368,27.039,31.039,13.284,8.391,DLR
858,897,2.8339999,23.508,9.381,4.964,1.977,1.829,DLR
858,928,0.407,4.3980002,1.75,0.83500004,0.751,0.022,DLR
858,940,16.676,34.051,32.206,13.423,5.172,2.933,DLR
859,504,0.0,1.179,0.857,0.695,0.685,0.047,DLR
859,513,1.6290001,2.002,0.0,0.0,0.325,0.349,DLR
859,523,0.0,0.14,0.267,2.261,0.259,0.0,DLR
859,533,0.14500001,1.281,1.435,0.0,0.473,0.0,DLR
859,538,0.0,5.965,1.356,0.402,0.366,0.0,DLR
859,559,0.0,1.3970001,0.0,2.319,0.0,0.0,DLR
859,573,0.425,1.239,2.276,10.886,3.951,0.009000001,DLR
859,719,22.426,249.686,162.216,191.441,41.399,8.764,DLR
859,750,0.0,0.0,2.697,0.256,0.233,0.0,DLR
859,757,0.0,0.024,0.042,0.0,0.34,0.0,DLR
859,842,7.065,66.806,32.237,27.006,4.2,1.284,DLR
859,850,0.312,4.046,6.892,2.401,1.155,1.129,DLR
859,851,0.636,10.336,15.507,12.579,3.68,0.0,DLR
859,853,1.202,12.24,25.389,7.859,1.335,0.79399997,DLR
859,854,0.0,5.207,2.566,1.948,1.248,0.756,DLR
859,855,5.379,18.763,4.516,1.149,0.07,2.173,DLR
859,856,0.199,2.776,0.48,0.274,0.87200004,0.28100002,DLR
859,858,2.5019999,8.035,10.513,7.295,1.716,0.0,DLR
859,860,0.291,5.384,3.491,1.942,1.528,0.368,DLR
859,861,0.147,11.057,5.612,2.578,0.669,0.716,DLR
859,862,3.966,4.276,8.873,4.573,1.188,0.76600003,DLR
859,864,0.0,4.419,3.037,0.64,0.189,0.0,DLR
859,865,0.0,0.16600001,5.906,2.873,1.419,0.44,DLR
859,866,3.035,5.286,11.378,3.468,1.159,0.0,DLR
859,867,0.0,3.584,7.017,3.646,1.457,0.515,DLR
859,879,1.433,6.487,9.296,3.106,1.069,0.022,DLR
859,883,1.118,0.749,1.608,0.748,0.718,0.0,DLR
859,884,0.134,0.022,0.358,0.0,0.021,0.0,DLR
859,887,0.0,0.328,0.47100002,0.34600002,0.0,0.0,DLR
859,888,0.132,0.295,0.241,1.742,0.129,0.0,DLR
859,889,0.0,0.433,0.714,1.988,0.0,0.0,DLR
859,893,0.0,0.809,3.499,0.456,0.105,0.0,DLR
859,895,0.0,0.645,0.322,1.529,0.378,0.0,DLR
859,897,0.0,2.237,5.902,3.652,0.781,0.319,DLR
859,928,0.006,1.757,1.265,1.318,0.875,0.088999994,DLR
859,940,0.398,6.518,8.444,30.098,3.678,1.058,DLR
860,504,0.85800004,4.844,4.039,2.797,0.654,1.071,DLR
860,513,113.604004,1226.36,771.654,502.321,264.619,146.939,DLR
860,523,9.178,14.691,17.032,25.724,9.052,5.765,DLR
860,533,30.367,57.507,37.994,55.63,16.591,2.469,DLR
860,538,4.02,20.096,12.689,43.624,23.181,8.4279995,DLR
860,559,7.4240003,25.154,16.848999,25.409,15.079,2.978,DLR
860,573,25.697,92.856,101.698,270.431,145.606,44.794,DLR
860,719,0.902,15.088,22.959,4.065,1.5910001,0.252,DLR
860,749,0.272,1.204,1.209,0.644,0.524,0.593,DLR
860,750,0.0,0.387,3.178,3.248,0.651,0.0,DLR
860,757,0.045,0.019000001,0.163,0.0,0.091,0.104,DLR
860,842,36.826,596.933,228.394,327.945,63.27,20.728,DLR
860,850,0.063999996,13.625,32.772,27.06,8.669,2.974,DLR
860,851,1.5879999,13.44,32.226,16.957,6.614,3.207,DLR
860,853,8.807,61.963,63.969,33.067,9.602,2.749,DLR
860,854,3.478,62.981,109.938,88.377,43.851,12.326,DLR
860,855,34.986,317.353,60.344,47.349,17.164,8.868,DLR
860,856,1.198,35.724,38.117,52.87,22.661,6.51,DLR
860,857,0.05,15.888,28.618,47.468,27.664,11.831,DLR
860,858,5.041,79.168,146.45,182.048,52.638,18.538,DLR
860,859,0.154,5.962,2.337,2.756,1.465,0.68799996,DLR
860,860,0.21000001,1.086,1.248,2.341,0.984,0.331,DLR
860,861,6.951,207.192,117.826,105.272,49.994,18.886,DLR
860,862,32.134,202.878,186.375,345.828,129.55,53.165,DLR
860,864,8.033,87.687,50.03,29.333,11.641,2.352,DLR
860,865,14.868,140.334,132.903,145.506,70.169,32.508,DLR
860,866,0.0,1.293,7.453,3.492,1.371,0.078,DLR
860,867,0.326,20.77,45.289,26.918,11.169,5.844,DLR
860,879,2.357,87.961,136.331,92.137,39.505,19.042,DLR
860,882,5.163,100.529,55.818,41.96,27.568,11.516,DLR
860,883,6.664,63.783,51.339,63.421,29.433,14.307,DLR
860,884,4.691,37.3,49.253,86.994,41.187,17.678,DLR
860,886,3.953,34.249,36.223,93.018,28.947,9.622,DLR
860,887,5.771,40.064,22.229,44.548,14.484,8.106,DLR
860,888,5.998,35.069,30.194,62.441,15.769,7.519,DLR
860,889,0.0,4.1150002,1.543,1.02,0.28800002,0.685,DLR
860,890,3.761,38.096,20.954,50.579,15.162,2.716,DLR
860,891,1.868,4.222,6.446,16.514,4.658,1.0320001,DLR
860,893,3.931,50.914,49.711,38.284,7.815,2.785,DLR
860,894,4.608,30.16,9.1710005,35.036,10.053,4.742,DLR
860,895,1.727,23.462,40.185,107.259,26.853,8.85,DLR
860,897,6.528,20.941,26.117,38.809,20.81,7.908,DLR
860,898,0.0,8.283,13.431,29.793,17.771,10.043,DLR
860,928,0.76,15.825,14.331,20.337,12.29,6.895,DLR
860,940,7.44,66.183,97.065,293.081,69.764,24.506,DLR
861,504,0.28,3.409,7.6150002,9.328,1.368,0.26999998,DLR
861,513,59.277,898.936,694.928,1075.509,248.057,81.434,DLR
861,523,0.0,1.39,1.767,2.908,0.934,1.039,DLR
861,533,2.618,5.278,7.699,8.974,1.194,0.287,DLR
861,538,0.986,3.389,4.591,14.629,5.095,0.511,DLR
861,559,1.082,0.152,2.216,9.38,1.978,0.556,DLR
861,573,0.322,1.163,7.9570003,14.717,5.005,1.699,DLR
861,719,4.158,43.765,161.934,510.77798,57.885,9.5130005,DLR
861,750,0.0,0.0,1.829,5.735,0.586,0.034,DLR
861,757,0.0,0.12,0.038,0.0,0.015999999,0.0,DLR
861,842,2.519,58.083,219.131,296.648,53.714,12.247,DLR
861,850,0.576,12.426,9.043,16.419,2.939,0.0,DLR
861,851,1.115,25.773,23.372,50.881,6.605,3.603,DLR
861,853,7.86,69.581,11.974,30.057001,4.613,2.116,DLR
861,854,0.235,4.597,12.023,8.636,2.664,1.568,DLR
861,855,2.543,66.214,165.018,186.048,41.404,20.842,DLR
861,856,0.946,30.7,16.937,24.602,13.506,5.673,DLR
861,857,1.558,10.7630005,12.711,13.9210005,8.348,6.198,DLR
861,858,0.098,10.581,15.597,45.162,6.014,0.0,DLR
861,859,0.168,2.16,2.247,5.522,1.321,0.74,DLR
861,860,5.758,127.895996,133.64,184.202,40.152,17.511,DLR
861,862,24.584,86.279,122.318,365.136,44.973,15.432,DLR
861,864,4.11,62.926,37.831,38.413002,3.681,1.65,DLR
861,865,0.439,8.724,33.305,41.707,14.752,4.471,DLR
861,866,2.641,3.417,31.727,29.485,13.188,3.621,DLR
861,867,0.107,8.1779995,11.6779995,37.811,6.61,2.411,DLR
861,879,0.946,34.128,93.25,109.942,25.114,12.783,DLR
861,882,0.0,1.705,3.235,2.381,0.639,0.253,DLR
861,883,0.141,3.377,13.51,21.466,5.607,2.208,DLR
861,884,0.146,6.382,16.155,42.129,11.285,6.239,DLR
861,886,0.74,2.721,8.064,20.86,6.009,1.164,DLR
861,887,0.0,1.781,4.883,11.3029995,3.068,0.0,DLR
861,888,0.0,3.8,8.276,16.372,3.477,0.926,DLR
861,889,0.0,0.0,0.619,2.964,0.414,0.0,DLR
861,890,0.0,1.392,3.178,8.262,2.383,0.198,DLR
861,891,0.0,0.475,0.0,4.322,1.414,0.0,DLR
861,893,0.0,2.603,3.818,4.433,0.805,0.0,DLR
861,894,0.0,1.108,3.42,7.637,1.5600001,0.745,DLR
861,895,0.0,0.475,10.934,28.36,4.51,3.344,DLR
861,897,5.6,14.338,88.615,114.179,31.348,12.517,DLR
861,898,0.0,0.474,7.09,25.282,6.339,5.638,DLR
861,928,2.525,25.481,30.4,123.521,21.004,6.781,DLR
861,940,4.546,50.694,151.693,568.902,86.798004,31.993,DLR
862,504,0.0,3.8999999,1.86,2.957,1.952,0.804,DLR
862,513,297.351,2208.563,865.69403,449.84,212.634,100.054,DLR
862,523,3.533,5.1480002,1.667,4.406,3.256,3.199,DLR
862,533,9.193,27.569,10.341,12.743,3.018,0.17,DLR
862,538,1.722,14.897,5.527,2.802,4.162,1.58,DLR
862,559,5.088,10.996,4.169,3.6,1.859,1.653,DLR
862,573,10.009,76.866,37.466,57.908,31.396,14.139,DLR
862,719,3.9099998,48.93,52.141,5.553,3.223,0.665,DLR
862,749,0.0,3.696,0.398,1.714,0.795,0.0,DLR
862,750,0.0,0.0,3.528,0.661,0.0,0.769,DLR
862,757,0.006,0.012,0.54,0.349,0.619,0.065,DLR
862,842,126.949,627.185,269.696,257.377,58.27,10.794,DLR
862,850,0.413,2.476,10.12,5.146,1.195,0.594,DLR
862,851,2.84,14.489,20.402,11.684,8.49,1.366,DLR
862,853,3.916,40.394,13.607,7.253,3.334,1.482,DLR
862,854,11.448,81.91,53.946,40.026,15.302,4.001,DLR
862,855,56.483,357.68,63.784,48.005,13.6,2.07,DLR
862,856,4.011,27.825,19.127,21.305,11.538,1.961,DLR
862,857,0.707,20.169,17.322,20.517,8.008,2.082,DLR
862,858,13.951,41.492,54.562,32.202,6.639,8.184,DLR
862,859,0.0,8.989,2.831,2.398,0.875,0.243,DLR
862,860,20.434,337.276,138.566,103.751,61.387,20.927,DLR
862,861,37.303,354.139,96.697,52.992,17.15,6.52,DLR
862,862,1.107,38.966,2.834,1.4860001,0.19,0.101,DLR
862,864,20.325,237.713,78.165,44.546,14.342,5.4440002,DLR
862,865,18.671,82.815,52.574,29.27,13.583,4.36,DLR
862,866,1.7179999,1.964,4.147,2.813,1.893,2.659,DLR
862,867,5.852,20.183,12.094,11.191,7.854,1.293,DLR
862,879,10.154,128.179,173.222,54.124,13.149,4.425,DLR
862,882,2.156,46.011,22.294,9.214,6.517,0.77,DLR
862,883,6.4639997,38.223,27.304,16.694,7.942,3.149,DLR
862,884,11.276,105.413,66.836,83.28,49.348,14.528,DLR
862,886,6.178,19.538,17.335,16.797,3.584,2.246,DLR
862,887,4.302,13.512,6.767,5.545,2.837,3.31,DLR
862,888,2.632,14.623,10.283,9.502,4.27,1.661,DLR
862,889,4.585,0.703,2.631,1.468,0.339,0.219,DLR
862,890,4.289,19.333,8.214,6.853,1.367,0.96500003,DLR
862,891,0.0,0.022,0.998,2.878,0.332,2.044,DLR
862,893,1.699,20.718,15.082,5.547,2.141,0.393,DLR
862,894,1.325,13.866,5.5,2.827,1.816,0.698,DLR
862,895,1.554,17.954,18.141,20.289,5.947,1.877,DLR
862,897,22.658,37.621,39.715,33.342,16.549,4.461,DLR
862,898,1.171,9.259,10.138,9.964,3.963,3.796,DLR
862,928,2.303,17.368,6.841,6.375,2.889,1.297,DLR
862,940,31.413,173.788,85.545,163.507,36.73,14.029,DLR
864,504,0.0,0.81700003,2.254,2.8170002,1.535,0.835,DLR
864,513,0.0,0.74300003,1.743,1.03,1.101,0.528,DLR
864,523,0.29,0.967,2.535,5.685,3.252,1.3610001,DLR
864,533,5.618,30.462,76.824,63.858,3.707,0.403,DLR
864,538,0.0,2.251,5.126,25.109,11.678,4.2860003,DLR
864,559,0.0,0.515,4.565,14.665,3.132,3.038,DLR
864,573,0.314,10.171,32.174,95.201,31.286,17.822,DLR
864,719,0.049000002,4.132,14.367,2.231,0.857,0.15799999,DLR
864,749,0.18599999,0.764,0.386,1.131,0.394,0.0,DLR
864,750,0.0,0.343,1.073,1.368,0.139,0.0,DLR
864,757,0.0,0.0,0.0,0.0,0.018,0.0,DLR
864,842,5.09,128.165,154.374,249.935,48.325,5.605,DLR
864,850,0.302,1.942,8.556,16.048,5.73,2.231,DLR
864,851,0.0,0.242,2.126,8.476,1.656,0.576,DLR
864,853,4.704,10.272,19.796,27.584,9.68,3.062,DLR
864,854,0.0,5.29,14.085,32.706,14.958,7.483,DLR
864,855,6.4440002,55.283,80.103,63.135,16.588,19.024,DLR
864,856,0.0,2.575,8.03,18.826,6.9769998,4.322,DLR
864,857,0.118,2.808,5.746,18.786,8.93,4.4969997,DLR
864,858,1.4480001,65.786,139.062,191.278,51.902,20.135,DLR
864,859,0.0,0.893,1.3,2.374,1.863,0.371,DLR
864,860,1.441,15.99,37.426,61.771,24.247,9.653,DLR
864,861,0.289,23.15,30.2,41.118,20.968,6.488,DLR
864,862,1.429,40.714,68.402,185.819,66.81,28.501999,DLR
864,865,2.354,75.6,71.548,122.358,45.568,24.185,DLR
864,866,0.0,0.66,3.996,3.194,2.345,0.0,DLR
864,867,0.532,2.704,7.987,21.047,11.005,4.825,DLR
864,879,0.0,7.744,34.165,38.607,16.355,5.58,DLR
864,882,0.712,16.318,25.583,57.317,36.397,10.924,DLR
864,883,3.26,21.116,37.723,85.271,41.512,17.41,DLR
864,884,1.168,18.725,55.278,201.867,75.094,28.053,DLR
864,886,3.115,44.442,90.747,277.042,113.02,39.639,DLR
864,887,5.201,94.941,60.662,121.429,38.245,14.753,DLR
864,888,5.221,82.752,58.528,166.812,45.317,15.831,DLR
864,889,0.0,0.986,0.528,1.537,0.963,0.0,DLR
864,890,1.069,21.702,26.98,118.404,36.87,16.481,DLR
864,891,0.014,4.866,9.5460005,50.705,13.518,5.079,DLR
864,893,2.285,36.415,45.0,63.265,14.507,6.066,DLR
864,894,0.89500004,16.152,21.859,104.923996,37.98,13.047,DLR
864,895,2.882,18.464,45.662,190.099,53.212,19.859,DLR
864,897,0.0,3.64,10.173,24.203,10.495,3.756,DLR
864,898,0.509,0.075,4.461,13.2890005,8.243,2.752,DLR
864,928,0.029000001,0.952,2.763,5.416,1.7820001,1.787,DLR
864,940,0.0,4.607,21.383,86.673996,16.846,2.721,DLR
865,504,0.0,1.998,6.138,3.431,1.134,0.0,DLR
865,513,116.7,1216.041,787.625,558.268,217.618,91.87,DLR
865,523,1.494,4.427,3.981,8.639,4.164,1.208,DLR
865,533,8.162,24.678,13.404,20.325,1.27,2.054,DLR
865,538,1.806,3.685,7.831,11.146,10.738,4.186,DLR
865,559,1.052,11.889,4.581,8.884,4.892,3.447,DLR
865,573,19.095,47.424,62.737,75.308,42.894,13.368,DLR
865,719,2.683,28.199,67.862,9.014,3.829,1.412,DLR
865,750,1.089,4.475,1.126,2.136,0.544,0.32700002,DLR
865,757,0.0,0.095,0.895,0.0,0.402,0.289,DLR
865,842,4.117,25.366,90.156,83.165,26.308,6.329,DLR
865,850,0.0,4.046,8.2960005,4.491,2.416,0.304,DLR
865,851,0.0,6.831,10.969,9.321,2.067,1.9380001,DLR
865,853,0.0,10.808,14.601,4.721,0.962,0.936,DLR
865,854,5.902,19.462,31.897,16.922,5.882,4.683,DLR
865,855,7.844,30.663,31.651001,12.988,2.903,0.721,DLR
865,856,0.255,32.032,10.991,5.918,7.183,1.717,DLR
865,857,0.0,4.741,5.866,3.397,2.432,1.3560001,DLR
865,858,0.325,3.347,15.998,7.614,5.245,3.631,DLR
865,859,0.0,8.614,1.387,1.359,1.3790001,0.0,DLR
865,860,9.966001,178.494,136.157,127.667,64.312,25.62,DLR
865,861,3.2740002,54.628,37.409,16.316,9.891,6.042,DLR
865,862,8.351,42.437,50.626,113.657,36.409,6.616,DLR
865,864,22.081999,182.323,81.288,82.118,23.236,6.591,DLR
865,867,0.261,4.959,11.523,6.857,3.647,0.342,DLR
865,879,1.917,33.452,75.553,24.501,9.49,7.228,DLR
865,882,0.299,9.667,18.272,4.084,4.521,1.356,DLR
865,883,1.307,8.83,17.048,12.642,12.938,2.48,DLR
865,884,9.714,70.818,67.543,122.535,63.186,19.559,DLR
865,886,3.331,14.106,19.73,18.424,12.833,3.724,DLR
865,887,0.277,7.509,8.671,7.517,4.128,7.215,DLR
865,888,1.409,8.323,10.29,15.005,6.983,2.862,DLR
865,889,0.71,1.977,1.383,2.14,1.038,0.341,DLR
865,890,0.0,6.71,10.096,9.734,4.966,2.521,DLR
865,891,1.104,3.7189999,0.25100002,4.123,1.6570001,0.269,DLR
865,893,0.981,13.095,15.468,3.836,1.997,0.969,DLR
865,894,0.552,8.835,8.774,5.187,5.526,2.098,DLR
865,895,2.753,6.301,14.033,17.842,11.841,2.013,DLR
865,897,0.305,18.722,38.016,17.664,12.66,6.498,DLR
865,898,1.0220001,4.726,5.351,8.644,4.201,1.739,DLR
865,928,0.631,10.543,4.638,3.836,2.102,1.967,DLR
865,940,8.825,48.25,55.49,85.496,22.435,9.904,DLR
866,504,0.0,0.469,2.356,4.014,3.237,1.855,DLR
866,513,9.353,81.538,108.874,69.474,52.447,18.326,DLR
866,523,0.0,0.0,2.317,2.863,0.85,0.948,DLR
866,533,0.877,2.098,3.231,4.926,0.857,0.0,DLR
866,538,0.182,0.721,3.08,2.228,2.978,2.243,DLR
866,559,0.0,0.0,1.942,1.748,2.475,0.675,DLR
866,573,0.0,1.995,5.532,7.511,6.633,3.369,DLR
866,719,1.535,19.594,67.166,115.816,71.658,49.696,DLR
866,757,0.0,0.01,0.0,0.0,0.019000001,0.034,DLR
866,842,0.020000001,0.674,7.174,17.706,3.437,3.548,DLR
866,850,0.253,2.375,14.211,5.978,8.105,5.115,DLR
866,851,0.625,1.454,21.346,18.247,16.784,10.238,DLR
866,853,0.0,9.909,32.252,15.517,10.242,4.437,DLR
866,854,0.08,2.008,7.899,9.18,8.127,3.573,DLR
866,855,0.164,3.256,0.0,4.977,2.953,0.074,DLR
866,856,0.0,1.766,5.314,4.384,3.796,3.677,DLR
866,857,0.484,5.34,5.729,2.2649999,2.119,1.9959999,DLR
866,858,0.0,0.192,6.051,3.389,2.613,5.169,DLR
866,859,0.797,1.949,4.889,4.008,3.5970001,2.809,DLR
866,860,0.138,11.489,19.659,21.403,14.748,6.762,DLR
866,861,1.226,7.8259997,4.596,5.816,9.15,5.318,DLR
866,862,0.687,3.572,18.656,31.687,19.949,9.193,DLR
866,864,0.335,5.624,7.998,4.993,2.453,1.62,DLR
866,865,0.0,1.118,4.189,1.773,1.474,0.856,DLR
866,867,0.0,1.965,11.962,11.052,18.614,10.119,DLR
866,879,0.0,1.524,10.683,5.48,5.058,4.864,DLR
866,882,0.0,0.0,3.13,0.415,1.894,1.418,DLR
866,883,0.0,1.8149999,5.512,3.216,7.861,4.609,DLR
866,884,0.186,1.323,3.521,6.116,7.105,3.026,DLR
866,886,0.0,0.47800002,6.575,6.048,4.835,2.727,DLR
866,887,0.0,0.512,0.862,0.591,1.784,1.677,DLR
866,888,0.24599999,0.897,2.481,2.8930001,2.0,0.704,DLR
866,894,0.0,0.0,0.0,2.315,0.869,1.301,DLR
866,895,0.0,0.0,2.585,1.258,2.297,0.948,DLR
866,897,0.0,0.0,6.898,6.501,4.517,2.898,DLR
866,898,0.0,0.0,6.186,1.604,2.029,0.68200004,DLR
866,928,0.0,0.562,1.544,1.373,0.79,0.684,DLR
866,940,0.0,4.5690002,23.345,27.078,14.478001,6.248,DLR
867,504,0.539,4.443,2.321,4.138,1.115,0.851,DLR
867,513,10.637,59.529,31.93,9.535,7.842,2.034,DLR
867,523,0.328,3.022,0.523,3.086,0.936,0.011,DLR
867,533,2.326,2.735,2.424,0.909,0.337,0.99300003,DLR
867,538,2.543,3.526,0.486,0.652,0.291,0.219,DLR
867,559,3.279,5.372,0.748,0.978,1.394,0.027,DLR
867,573,3.961,3.754,8.98,12.677,2.7220001,0.488,DLR
867,719,59.505,627.557,425.831,274.861,97.943,25.052,DLR
867,750,1.451,0.49,1.561,0.804,0.977,0.0,DLR
867,757,0.0,0.018,0.016,0.0,0.207,0.206,DLR
867,842,23.856,127.882,122.509,122.322,34.319,13.978001,DLR
867,850,1.83,25.998,77.054,25.574,6.8259997,1.5600001,DLR
867,851,11.128,59.609,46.72,19.149,8.719,3.624,DLR
867,853,3.574,54.442,54.974,18.151001,3.42,1.058,DLR
867,854,1.433,10.54,13.095,9.806,2.502,0.621,DLR
867,855,5.042,32.138,8.096,9.306,0.779,0.796,DLR
867,856,0.0,26.278,5.818,7.199,0.533,0.044999998,DLR
867,857,0.302,3.223,9.196,8.775,0.621,1.013,DLR
867,858,1.341,35.054,59.52,40.329,3.55,3.69,DLR
867,859,0.0,7.737,2.597,4.324,1.6800001,0.474,DLR
867,860,1.492,51.846,43.674,19.482,5.453,1.519,DLR
867,861,0.92399997,56.772,9.386,7.361,3.384,1.459,DLR
867,862,4.888,37.714,32.93,17.597,4.491,2.455,DLR
867,864,4.223,44.954,15.037,5.993,1.017,0.462,DLR
867,865,2.456,5.823,11.216,5.901,2.611,0.268,DLR
867,866,0.684,16.975,26.286,15.837,12.57,2.36,DLR
867,879,0.318,21.052,28.825,10.384,2.527,1.36,DLR
867,882,0.0,1.623,3.835,1.255,0.318,0.275,DLR
867,883,2.79,3.011,5.266,5.083,1.259,0.017,DLR
867,884,0.832,4.301,15.702,1.855,2.394,0.664,DLR
867,886,0.375,2.124,5.287,2.2680001,0.742,0.308,DLR
867,887,0.37600002,1.618,2.407,1.843,0.88,0.0,DLR
867,888,0.815,1.039,1.157,4.947,0.97499996,0.0,DLR
867,890,0.0,2.633,0.976,0.808,0.0,0.305,DLR
867,893,0.903,5.922,4.954,3.5600002,0.616,0.218,DLR
867,894,0.788,5.407,3.234,2.694,1.3560001,0.0,DLR
867,895,0.707,8.245,4.934,7.894,0.27,0.851,DLR
867,897,4.825,8.722,20.305,12.601,3.137,1.7409999,DLR
867,898,4.575,3.816,2.422,2.228,1.323,0.087,DLR
867,928,0.443,3.068,1.246,1.945,0.968,0.197,DLR
867,940,5.326,27.016,27.404,28.592001,8.001,1.465,DLR
879,504,1.543,1.924,5.671,5.0690002,1.597,0.61399996,DLR
879,513,61.768,508.768,810.038,567.013,265.94,121.799,DLR
879,523,0.0,0.452,3.856,1.538,1.228,1.719,DLR
879,533,3.598,3.57,7.326,3.667,0.184,0.161,DLR
879,538,0.218,2.425,3.902,3.099,3.359,1.821,DLR
879,559,2.625,0.451,4.293,2.402,2.53,0.542,DLR
879,573,0.0,0.0,0.0,0.0,0.0,0.025,DLR
879,719,6.224,61.896,248.317,248.341,78.348,17.094,DLR
879,749,3.7519999,0.308,1.09,0.842,1.758,0.283,DLR
879,750,0.0,0.0,2.861,2.8009999,2.3899999,1.12,DLR
879,757,0.006,0.18,0.077,0.0,0.012,0.006,DLR
879,842,42.496998,377.902,283.951,217.909,52.406,29.954,DLR
879,850,0.0,1.498,21.565,16.005,6.749,2.353,DLR
879,851,3.557,12.187,40.674,35.335,10.741,3.999,DLR
879,853,0.0,13.552,43.106,12.434,4.0369997,1.233,DLR
879,854,3.876,44.878,97.225,45.702,30.982,16.569,DLR
879,855,52.36,528.603,319.313,229.543,71.064,36.445,DLR
879,856,2.593,22.872,65.605,44.171,35.444,15.626,DLR
879,857,1.8030001,11.945,34.263,24.159,19.964,8.79,DLR
879,858,0.453,2.817,31.331,23.318,8.383,4.755,DLR
879,859,0.15900001,2.474,5.978,6.11,1.165,1.462,DLR
879,860,7.14,91.205,115.786,94.142,39.97,14.253,DLR
879,861,9.469,105.112,87.592,49.02,18.039,6.972,DLR
879,862,10.927,72.562,148.219,164.042,67.049,23.789,DLR
879,864,8.995,53.931,27.742,14.579,3.726,0.907,DLR
879,865,0.142,10.473,71.095,39.338,16.017,13.2630005,DLR
879,866,0.0,6.769,24.561,7.172,5.568,1.3840001,DLR
879,867,0.733,7.9110003,22.177,20.694,8.563,1.8210001,DLR
879,882,0.0,6.2,6.427,2.991,2.686,1.42,DLR
879,883,0.0,5.74,7.301,4.918,2.322,2.905,DLR
879,884,0.792,4.927,23.814,32.461,17.551,8.047,DLR
879,886,0.0,1.671,16.704,11.005,3.515,1.534,DLR
879,887,0.379,2.026,3.253,4.732,1.403,3.175,DLR
879,888,0.0,1.8,6.7599998,5.255,1.8100001,4.324,DLR
879,889,0.702,1.447,0.0,0.756,1.116,0.0,DLR
879,890,1.888,1.319,6.119,6.357,2.945,4.8129997,DLR
879,891,0.0,0.0,2.382,3.118,0.844,0.0,DLR
879,893,0.0,4.382,5.885,3.826,1.506,0.432,DLR
879,894,0.0,1.475,3.342,2.363,0.976,0.739,DLR
879,895,0.0,0.981,9.16,8.24,5.045,2.192,DLR
879,897,2.55,19.081,80.143,43.884,37.175,17.812,DLR
879,898,0.0,6.228,42.182,26.353,15.95,6.23,DLR
879,928,2.084,33.082,37.82,29.339,12.901,4.559,DLR
879,940,7.63,107.832,272.588,302.982,106.393,37.735,DLR
882,504,0.355,2.802,1.6719999,1.653,0.647,0.0,DLR
882,513,48.826,537.373,218.954,165.197,38.727,15.043,DLR
882,523,0.0,1.823,0.829,3.063,1.772,0.0,DLR
882,533,5.209,9.667,5.853,7.886,0.969,0.0,DLR
882,538,0.83,2.785,3.005,3.252,2.232,1.654,DLR
882,559,0.0,0.503,2.09,3.268,1.938,1.508,DLR
882,573,4.06,12.328,17.403,33.786,19.183,6.476,DLR
882,719,0.834,9.261,19.393,3.67,1.773,3.435,DLR
882,749,0.0,1.884,0.828,1.138,0.0,0.317,DLR
882,750,0.0,0.0,0.71099997,4.044,0.396,0.298,DLR
882,757,0.16399999,0.094,1.942,0.092,0.971,0.435,DLR
882,842,0.103,4.595,22.762,31.348999,6.577,1.844,DLR
882,851,0.561,1.099,12.217,7.606,1.164,0.646,DLR
882,853,0.0,0.787,3.67,0.686,0.202,0.128,DLR
882,854,0.0,0.442,2.527,2.493,1.469,0.721,DLR
882,858,0.64,0.936,16.181,27.675,8.998,2.533,DLR
882,860,1.369,69.224,67.895,75.874,21.601,4.013,DLR
882,861,0.0,1.323,3.321,1.852,0.631,0.017,DLR
882,862,2.86,24.25,34.682,52.033,6.241,2.211,DLR
882,864,16.936,136.333,40.93,25.475,5.245,1.962,DLR
882,865,0.169,4.228,18.125,13.213,3.504,1.618,DLR
882,866,0.0,2.673,5.224,1.962,2.251,1.091,DLR
882,867,0.0,0.83500004,3.1230001,2.743,0.473,0.792,DLR
882,879,0.0,1.735,7.274,6.421,1.373,0.559,DLR
882,883,0.0,0.592,3.005,1.502,0.902,0.726,DLR
882,884,13.984,96.578,122.718,131.452,55.243,26.318,DLR
882,886,0.365,6.938,8.509,8.93,3.879,1.433,DLR
882,887,0.107,2.713,2.676,4.948,2.438,0.277,DLR
882,888,0.585,5.882,2.326,6.975,1.355,1.574,DLR
882,889,0.93,3.839,1.1439999,0.612,0.519,0.285,DLR
882,890,0.888,1.0320001,4.508,2.174,1.047,0.202,DLR
882,891,0.0,1.957,0.452,4.49,1.016,0.0,DLR
882,893,0.0,5.781,5.828,3.95,0.437,1.317,DLR
882,894,0.364,5.5,3.278,2.978,0.348,1.005,DLR
882,895,0.109000005,10.923,8.589,16.187,5.511,1.018,DLR
882,897,0.0,0.232,2.667,2.348,1.096,1.758,DLR
882,928,0.0,0.43400002,0.814,0.502,0.083000004,0.0,DLR
882,940,1.826,3.357,6.4900002,45.899002,3.489,0.425,DLR
883,504,1.149,6.537,9.644,11.235,2.607,0.0,DLR
883,513,70.639,694.27,329.234,355.468,79.531,24.863,DLR
883,523,1.639,3.934,4.114,11.866,2.956,1.978,DLR
883,533,4.58,6.279,9.059,10.309999,0.772,0.406,DLR
883,538,0.204,7.95,7.279,12.488,12.097,2.397,DLR
883,559,0.0,2.846,3.779,6.157,5.022,0.515,DLR
883,573,12.587,41.75,47.664,112.098,31.028,18.242,DLR
883,719,2.274,6.56,55.272,15.047,10.317,3.982,DLR
883,749,0.525,6.508,6.781,6.062,2.14,0.0,DLR
883,750,1.572,0.829,1.755,1.53,0.767,0.386,DLR
883,757,0.049999997,0.206,6.777,0.38,3.619,1.608,DLR
883,842,5.387,38.399,58.028,72.137,24.522,4.397,DLR
883,850,0.65500003,1.474,9.869,4.011,2.645,0.0,DLR
883,851,2.416,13.242,21.066,11.112,5.712,2.327,DLR
883,853,0.827,8.974,7.005,8.179,2.673,1.087,DLR
883,854,1.837,2.815,7.064,5.085,1.238,1.131,DLR
883,855,0.442,21.816,10.537,8.053,0.029,3.0609999,DLR
883,856,0.938,5.336,1.96,1.435,1.564,0.796,DLR
883,857,0.0,1.113,2.505,1.737,1.9530001,0.043,DLR
883,858,10.079,19.149,59.235,57.627,16.773,0.179,DLR
883,859,0.0,1.103,1.681,1.972,0.699,0.0,DLR
883,860,3.873,110.827,78.547,87.072,26.507,7.863,DLR
883,861,2.092,26.646,18.793,6.936,2.211,3.029,DLR
883,862,2.561,38.028,34.809002,49.078,14.002,6.006,DLR
883,864,17.934,176.571,62.203,45.243,9.212,2.441,DLR
883,865,0.489,12.384,27.738,14.797,6.926,5.795,DLR
883,866,0.0,5.726,8.297,8.672,4.761,0.056,DLR
883,867,0.0,3.493,7.292,7.989,8.259,0.805,DLR
883,879,0.0,5.752,13.639,8.538,2.618,0.312,DLR
883,882,0.423,0.93,2.76,3.0640001,1.97,0.534,DLR
883,884,46.053,429.042,465.12,801.045,317.769,75.713,DLR
883,886,1.642,10.61,26.906,26.418,17.137,5.427,DLR
883,887,2.368,14.332,4.386,7.83,2.082,0.45299998,DLR
883,888,5.461,16.257,5.925,15.713,7.379,3.9420002,DLR
883,889,0.596,0.979,1.98,2.233,1.02,0.0,DLR
883,890,0.438,1.735,4.917,11.285,0.254,3.14,DLR
883,891,0.0,0.0,1.439,2.334,0.379,0.0,DLR
883,893,0.0,6.777,11.034,3.475,2.298,1.941,DLR
883,894,0.0,5.055,4.026,5.829,1.694,0.487,DLR
883,895,0.0,2.662,10.784,13.858,5.395,0.0,DLR
883,897,0.0,1.009,7.313,10.0789995,1.919,1.5320001,DLR
883,898,0.0,0.0,2.715,2.486,0.379,0.0,DLR
883,928,0.029,4.861,0.626,0.598,0.115,0.273,DLR
883,940,1.392,17.064,13.767,51.975998,5.875,0.77000004,DLR
884,504,17.166,60.681,53.102,27.369,65.016,88.522,DLR
884,513,121.656,371.91,62.809,83.609,13.86,5.662,DLR
884,523,37.138,185.804,140.255,197.962,132.87,75.085,DLR
884,533,188.573,627.834,718.058,639.144,121.37,49.675,DLR
884,538,44.898,253.227,238.479,371.66,358.551,173.131,DLR
884,559,50.088,209.625,169.964,209.72,165.9,106.933,DLR
884,573,475.336,1035.783,1239.26,1235.614,1264.908,620.968,DLR
884,719,43.161,23.252,89.835,48.493,28.628,10.992,DLR
884,749,8.27,16.4,30.828001,10.324,20.223,18.642,DLR
884,750,3.92,5.357,50.759,16.624,33.439,35.187,DLR
884,757,6.5690002,6.689,11.055,17.861,2.804,0.889,DLR
884,842,17.552,67.019,17.354,41.224,5.046,3.501,DLR
884,850,0.161,3.976,15.389,4.11,6.754,6.472,DLR
884,851,0.035,1.1389999,3.603,0.337,0.80300003,1.383,DLR
884,853,5.652,22.107,39.102,4.483,5.975,4.254,DLR
884,854,3.631,7.984,10.6970005,4.951,2.425,1.367,DLR
884,855,3.595,18.881,5.56,21.03,2.846,3.252,DLR
884,856,0.698,5.493,4.404,4.548,1.797,0.716,DLR
884,857,0.117,2.459,3.131,1.487,1.1259999,0.814,DLR
884,858,48.547,73.4,128.138,196.285,61.777,61.475,DLR
884,859,0.257,1.027,0.36400002,0.0,0.07,0.055000003,DLR
884,860,14.234,100.543,50.865,67.037,18.766,11.46,DLR
884,861,5.473,43.56,16.564,7.982,1.396,0.849,DLR
884,862,21.955,96.385,111.535,254.992,61.752,38.203,DLR
884,864,60.046,242.12,74.749,53.21,11.417,12.281,DLR
884,865,24.046,73.126,78.671,109.74,37.165,19.384,DLR
884,866,4.377,4.888,6.041,7.495,0.941,0.0,DLR
884,867,1.008,3.7,10.183,1.616,4.19,3.19,DLR
884,879,5.88,24.246,43.413,8.77,3.538,2.256,DLR
884,882,26.392,117.811,116.952,82.295,59.445,45.463,DLR
884,883,88.648,693.831,426.856,355.508,222.508,121.491,DLR
884,886,96.243,416.123,851.943,754.212,572.295,357.097,DLR
884,887,68.849,498.154,649.747,420.901,243.41,174.002,DLR
884,888,70.142,394.988,584.496,560.536,293.076,182.29,DLR
884,889,59.228,126.861,72.283,67.5,23.964,20.998,DLR
884,890,81.162,390.969,428.469,441.645,216.267,127.582,DLR
884,891,38.121998,56.309,98.123,170.464,76.095,36.431,DLR
884,893,40.82,470.985,971.649,338.089,142.803,77.771,DLR
884,894,55.413002,320.511,280.017,304.215,221.03,117.963,DLR
884,895,49.451,190.078,473.623,725.13,350.655,158.824,DLR
884,897,23.657,13.562,9.235,4.61,1.85,2.551,DLR
884,898,8.327,5.652,3.539,3.398,2.11,1.317,DLR
884,928,0.49,4.585,1.654,0.803,0.874,0.435,DLR
884,940,20.297,59.528,22.27,45.194,10.19,3.425,DLR
886,504,2.802,6.349,10.396,5.506,2.123,0.073,DLR
886,513,34.309,267.935,35.207,69.86,14.032,2.016,DLR
886,523,0.862,16.041,2.628,1.08,2.013,0.676,DLR
886,533,3.447,5.534,7.671,9.587,1.4909999,0.0,DLR
886,538,0.0,5.4969997,6.678,3.624,1.186,1.4399999,DLR
886,573,5.781,23.605,17.821,10.217999,9.435,8.222,DLR
886,719,5.723,0.213,13.299,4.0889997,1.818,1.092,DLR
886,749,0.661,3.309,6.105,3.004,0.814,2.482,DLR
886,757,7.132,0.0,1.034,0.0,0.222,3.047,DLR
886,842,11.612,87.482,35.85,28.278,9.7560005,0.0,DLR
886,850,0.323,0.48700002,3.702,2.205,0.799,0.421,DLR
886,851,0.557,5.488,6.112,6.194,2.59,0.613,DLR
886,853,0.0,0.0,6.339,2.409,0.893,0.0,DLR
886,854,2.086,8.807,3.201,1.463,2.927,0.788,DLR
886,855,1.436,17.722,1.9020001,0.0,0.0,0.0,DLR
886,856,0.0,1.138,2.214,1.385,0.714,0.0,DLR
886,857,0.306,1.75,2.325,2.221,1.89,0.76600003,DLR
886,858,12.994,77.347,61.469,87.314,26.825,2.464,DLR
886,860,12.051,124.842,37.3,29.513,18.474,3.986,DLR
886,861,2.968,38.163002,8.281,2.775,0.428,0.67,DLR
886,862,1.429,41.438,15.183,18.738,8.689,1.903,DLR
886,864,42.142,361.401,133.06,83.254,23.488,5.939,DLR
886,865,5.163,26.379,20.997,12.078,4.52,3.998,DLR
886,866,1.992,3.66,7.5950003,1.347,5.547,0.0,DLR
886,867,0.226,1.284,5.58,1.041,1.4350001,0.512,DLR
886,879,0.0,13.016,14.699,4.11,1.806,0.0,DLR
886,882,2.159,9.024,13.034,4.426,4.073,1.772,DLR
886,883,2.582,21.286,18.644001,8.227,8.2439995,2.805,DLR
886,884,145.077,810.603,1044.844,511.023,265.512,101.348,DLR
886,887,0.0,0.444,1.643,2.081,1.108,0.0,DLR
886,888,0.0,2.397,9.591,5.732,5.861,1.987,DLR
886,889,0.95,5.049,5.174,1.457,0.0,0.0,DLR
886,890,0.0,8.804,17.683,7.377,10.685,1.687,DLR
886,891,0.0,1.743,6.056,5.634,2.622,0.0,DLR
886,893,8.337,13.910999,17.522,4.9309998,2.312,1.559,DLR
886,894,1.752,15.996,22.835001,10.945,7.357,0.73399997,DLR
886,895,7.863,25.737,42.823,27.58,11.379,6.157,DLR
886,897,0.0,1.499,2.709,1.844,1.035,0.438,DLR
886,928,0.0,2.287,1.98,0.378,0.193,0.0,DLR
886,940,5.08,17.475,6.988,10.947,3.679,1.182,DLR
887,504,1.0500001,5.395,6.791,10.604,1.5220001,0.0,DLR
887,513,21.073,62.653,26.479,91.336,12.154,2.552,DLR
887,523,0.0,5.728,1.936,0.722,0.0,0.272,DLR
887,533,0.429,1.963,4.832,4.5230002,0.183,0.0,DLR
887,538,0.0,0.199,1.104,0.848,0.362,0.16,DLR
887,573,0.452,18.069,15.065001,11.96,6.5,4.117,DLR
887,719,6.1019998,1.136,7.838,3.419,1.029,0.96900004,DLR
887,749,0.0,0.639,4.293,6.247,1.358,0.024,DLR
887,757,0.527,0.0,0.549,0.0,0.115,0.24700001,DLR
887,842,4.164,17.682,8.006,16.296,3.8739998,0.0,DLR
887,850,0.0,1.4449999,1.622,0.486,0.0,0.0,DLR
887,851,0.0,2.039,4.079,3.982,1.021,0.0,DLR
887,853,0.0,4.9560003,2.953,1.108,0.26700002,0.102,DLR
887,854,0.0,0.316,1.916,2.38,0.327,0.167,DLR
887,855,1.173,3.397,0.66,1.354,0.62,0.0,DLR
887,856,0.0,1.489,3.667,0.359,0.102,0.0,DLR
887,858,1.136,15.731,24.187,34.510002,15.247,1.822,DLR
887,859,0.169,1.3,1.493,0.26500002,0.327,0.0,DLR
887,860,6.7,56.266,21.889,33.5,11.695,2.118,DLR
887,861,3.8379998,12.379,3.058,2.784,0.586,0.137,DLR
887,862,3.128,16.194,8.714,16.023,8.768,3.979,DLR
887,864,24.494,123.348,88.922,92.535,20.565,4.488,DLR
887,865,1.792,8.419,8.853,8.375,2.818,0.572,DLR
887,866,0.479,0.431,1.391,2.621,0.637,0.57199997,DLR
887,867,1.449,0.158,0.844,1.2360001,1.857,0.155,DLR
887,879,0.677,2.652,6.476,4.501,1.883,0.0,DLR
887,882,0.0,5.856,2.503,2.481,1.293,0.531,DLR
887,883,0.578,5.439,6.488,5.918,11.265,3.6560001,DLR
887,884,116.03,350.697,677.541,462.662,171.772,53.867,DLR
887,886,1.074,4.078,5.507,1.876,0.277,0.0,DLR
887,888,0.238,2.294,1.89,1.11,1.012,1.408,DLR
887,889,3.672,4.332,1.392,0.455,0.0,0.0,DLR
887,890,0.64100003,7.524,7.857,3.693,2.683,2.598,DLR
887,891,0.0,0.855,1.028,1.392,0.0,0.0,DLR
887,893,2.477,16.912,16.328,1.46,1.551,0.874,DLR
887,894,0.92,10.97,6.972,6.996,4.096,1.373,DLR
887,895,0.0,15.223,13.668,12.3359995,4.804,4.467,DLR
887,897,6.013,3.177,2.884,3.966,1.191,0.173,DLR
887,898,0.0,0.0,2.156,1.003,0.56,0.0,DLR
887,928,0.075,0.912,0.63,0.592,0.35300002,0.119,DLR
887,940,0.957,11.829,12.642,13.705,2.9259999,0.031,DLR
888,504,0.175,5.1080003,6.762,7.931,0.912,3.228,DLR
888,513,44.84,76.327,24.803,87.456,10.178,2.237,DLR
888,533,0.228,0.91899997,3.429,3.424,0.518,0.0,DLR
888,538,0.0,0.88199997,3.013,1.006,0.024,0.135,DLR
888,559,0.226,1.168,2.42,0.171,0.0,0.0,DLR
888,573,17.571,10.28,18.278,14.598001,6.69,2.861,DLR
888,719,8.169,0.459,8.301,2.303,0.789,0.0,DLR
888,749,0.0,1.2919999,3.641,4.334,0.9,1.318,DLR
888,750,0.0,1.278,3.416,0.78,0.060999997,0.286,DLR
888,757,0.488,0.0,0.673,0.0,0.232,1.648,DLR
888,842,12.981,23.3,12.815,20.567,7.247,0.0,DLR
888,850,0.0,0.763,1.608,1.519,0.155,0.0,DLR
888,851,0.0,0.83,3.567,4.748,0.852,0.0,DLR
888,853,0.0,12.084001,4.372,0.679,0.11,0.085,DLR
888,854,3.621,5.876,1.932,3.035,0.683,0.553,DLR
888,855,1.952,13.714,0.79800004,3.402,0.051,0.0,DLR
888,856,0.0,1.4020001,0.935,3.43,0.37,0.44799998,DLR
888,857,6.534,1.327,1.076,0.724,0.526,0.0,DLR
888,858,11.265,17.554,25.789999,48.797,30.015999,2.7150002,DLR
888,859,0.171,1.71,0.824,0.433,0.154,0.119,DLR
888,860,18.079,66.443,28.439,34.426,9.78,1.794,DLR
888,861,5.311,17.831,7.383,2.565,0.395,0.112,DLR
888,862,16.874,13.636,18.409,17.035,3.673,1.246,DLR
888,864,49.237,136.184,83.787,93.581,19.281,5.891,DLR
888,865,0.727,14.64,15.462,9.416,3.584,2.361,DLR
888,866,0.451,5.138,5.409,1.4300001,0.414,0.606,DLR
888,867,0.0,6.778,1.303,1.251,0.51,0.7,DLR
888,879,1.0500001,7.377,7.511,4.182,0.42000002,0.0,DLR
888,882,2.927,3.887,5.794,4.263,1.64,1.385,DLR
888,883,1.783,11.435,9.996,6.173,8.783,2.115,DLR
888,884,208.391,423.974,669.136,425.828,155.186,43.394,DLR
888,886,0.0,7.509,22.149,6.268,3.674,0.362,DLR
888,887,0.0,0.233,2.281,2.132,1.524,0.45499998,DLR
888,889,0.62,3.701,3.977,2.655,0.133,0.0,DLR
888,890,1.799,8.799,6.733,3.897,1.034,0.435,DLR
888,891,0.0,0.0,4.626,2.975,0.491,0.418,DLR
888,893,6.161,14.078,19.766,2.937,1.745,0.59,DLR
888,894,1.9059999,8.887,12.384,4.852,1.444,0.788,DLR
888,895,0.513,9.813,21.815,14.346,6.105,1.926,DLR
888,897,0.89,2.519,3.253,4.508,1.348,0.43,DLR
888,898,0.0,0.90400004,2.023,1.755,0.489,0.0,DLR
888,928,4.3,2.438,1.107,0.497,0.313,0.001,DLR
888,940,2.813,15.216,15.8029995,16.416,3.165,0.611,DLR
889,504,5.324,24.185,46.514,35.154,7.238,3.205,DLR
889,513,2.622,0.982,0.0,10.119,0.05,0.0,DLR
889,523,0.799,20.676,12.521,4.03,2.819,0.998,DLR
889,533,0.457,1.873,8.777,7.032,2.066,0.051,DLR
889,538,1.286,4.194,2.622,1.621,1.114,1.8529999,DLR
889,559,1.097,2.576,5.896,3.8669999,0.376,0.289,DLR
889,573,39.578,27.354,43.315,62.797,11.747,3.654,DLR
889,719,77.135,164.994,300.143,299.182,76.155,25.997,DLR
889,749,0.677,11.0460005,28.387001,17.102999,6.944,1.839,DLR
889,750,6.573,0.0,14.607,4.969,2.341,0.781,DLR
889,757,37.256,86.839,143.917,188.067,35.858,16.347,DLR
889,842,0.0,2.09,0.857,1.434,0.0,0.0,DLR
889,853,1.201,0.912,2.546,0.711,0.28,0.0,DLR
889,854,0.0,2.058,2.305,0.86300004,0.595,0.0,DLR
889,856,0.0,0.385,0.777,3.406,0.191,0.0,DLR
889,858,2.098,1.247,5.537,4.43,0.709,0.0,DLR
889,860,0.189,1.126,1.86,4.457,0.729,1.237,DLR
889,861,0.43,5.344,2.131,1.2870001,0.0,0.216,DLR
889,862,0.0,2.903,1.832,8.332,0.0,0.626,DLR
889,864,0.0,1.004,1.79,3.04,0.0,1.085,DLR
889,865,0.0,1.618,3.007,2.173,1.084,0.255,DLR
889,879,0.0,1.503,2.373,2.127,0.0,0.0,DLR
889,882,0.0,0.0,0.35099998,2.565,0.909,0.271,DLR
889,883,0.0,2.025,1.63,1.347,0.185,0.0,DLR
889,884,27.028,69.398,102.868004,97.918,23.038,13.053,DLR
889,886,2.559,0.924,6.996,4.504,0.194,0.458,DLR
889,887,0.0,0.484,1.999,2.998,0.0,0.0,DLR
889,888,1.3790001,0.38,4.632,3.591,0.788,0.0,DLR
889,890,2.14,1.087,5.306,3.0770001,0.215,0.219,DLR
889,891,0.0,0.0,1.579,3.648,0.319,0.0,DLR
889,893,0.321,6.499,7.384,5.449,0.695,0.184,DLR
889,894,0.0,0.88,1.476,1.948,0.26500002,0.0,DLR
889,895,0.69,3.025,9.717,6.186,1.32,0.727,DLR
889,897,0.0,0.412,2.003,3.326,0.0,0.254,DLR
889,898,0.0,1.3050001,0.95100003,4.205,1.503,0.0,DLR
889,940,0.745,1.069,7.412,13.816,2.388,0.222,DLR
890,504,5.28,3.832,4.103,6.218,1.374,0.518,DLR
890,513,27.497,58.089,11.412,39.135,5.931,2.36,DLR
890,523,0.0,2.766,1.513,0.0,0.0,0.0,DLR
890,533,0.697,1.082,3.198,2.15,0.0,0.0,DLR
890,538,0.16,1.121,0.732,0.271,0.83,1.08,DLR
890,559,1.021,2.08,0.857,0.798,0.0,0.0,DLR
890,573,3.797,8.338,11.253,23.535,2.457,1.285,DLR
890,719,4.917,0.624,11.304,6.026,1.275,0.003,DLR
890,749,0.0,2.942,11.383,3.639,1.1620001,1.019,DLR
890,750,0.0,1.042,9.681,1.179,0.0,0.0,DLR
890,757,1.011,0.0,0.729,0.0,0.458,0.019000001,DLR
890,842,11.658,17.263,9.978,16.544,2.9029999,0.064,DLR
890,851,1.2590001,2.434,2.865,8.632,1.192,0.03,DLR
890,853,1.115,5.989,4.627,1.239,0.0,0.0,DLR
890,854,0.228,2.707,0.791,2.898,0.176,0.25300002,DLR
890,855,6.912,1.526,0.373,0.0,0.0,0.0,DLR
890,858,11.338,14.101,8.163,35.388,9.151,0.392,DLR
890,860,8.046,52.791,14.412,42.51,7.944,2.457,DLR
890,861,4.907,6.753,2.827,1.638,0.0,0.259,DLR
890,862,5.696,7.394,9.648,26.749,2.403,1.429,DLR
890,864,30.853,94.51,45.517,47.779,6.443,2.315,DLR
890,865,1.646,7.305,8.22,8.964,3.737,0.512,DLR
890,867,0.25599998,0.294,1.623,3.236,0.484,0.228,DLR
890,879,0.708,6.629,6.714,4.988,0.0,1.19,DLR
890,882,0.0,2.777,2.935,2.589,0.792,0.051,DLR
890,883,2.947,4.489,6.356,3.316,1.461,0.07,DLR
890,884,142.668,326.223,440.124,408.538,98.486,25.135,DLR
890,886,6.738,8.069,29.384,14.966,4.711,1.687,DLR
890,887,2.754,4.425,4.617,3.798,4.172,0.611,DLR
890,888,0.0,2.959,9.088,8.395,0.841,0.063,DLR
890,889,7.974,1.141,1.9120001,2.995,0.74300003,0.006,DLR
890,893,0.36,2.675,10.389,3.502,2.909,1.141,DLR
890,894,0.761,6.138,9.343,8.569,3.019,1.959,DLR
890,895,1.116,2.277,12.996,25.155,4.735,0.22,DLR
890,928,2.461,0.839,0.635,0.994,0.065,0.0,DLR
890,940,2.376,2.569,4.599,19.026001,3.298,0.759,DLR
891,504,6.552,11.28,2.256,1.099,0.382,0.0,DLR
891,513,19.098,25.313,3.2120001,5.075,0.988,0.407,DLR
891,559,0.0,4.3710003,1.025,0.036,0.0,0.669,DLR
891,573,2.136,6.004,3.328,1.831,1.1,0.0,DLR
891,719,3.6469998,0.107,1.5780001,0.118999995,0.0,0.0,DLR
891,757,0.19999999,0.0,0.063,0.0,0.0,0.0,DLR
891,842,5.749,3.9029999,2.439,2.69,0.696,0.0,DLR
891,851,0.0,1.993,2.638,0.604,0.0,0.0,DLR
891,858,7.476,7.2,3.578,1.161,1.208,0.0,DLR
891,860,6.872,19.13,5.492,2.97,2.1200001,0.569,DLR
891,861,1.719,5.8849998,1.391,0.0,0.0,0.0,DLR
891,862,0.0,3.5970001,2.335,3.73,0.68299997,0.0,DLR
891,864,19.513,39.333,10.516,6.163,1.461,0.569,DLR
891,865,4.877,4.105,1.072,1.051,0.758,0.0,DLR
891,866,2.587,0.284,1.635,1.161,0.0,0.0,DLR
891,879,7.929,1.603,1.8330001,0.529,0.266,0.0,DLR
891,882,3.257,1.314,1.437,0.625,0.0,0.0,DLR
891,883,1.946,2.142,1.011,0.0,0.0,0.0,DLR
891,884,74.033,145.615,101.817,43.124,23.924,6.281,DLR
891,886,0.67,5.243,11.606,3.741,0.0,0.0,DLR
891,887,1.371,0.489,1.411,1.074,0.0,0.0,DLR
891,888,0.0,2.241,2.373,2.849,1.374,0.0,DLR
891,889,0.791,2.521,0.0,0.65999997,0.0,0.0,DLR
891,890,0.809,0.221,1.925,0.96099997,0.648,1.277,DLR
891,893,0.0,0.16499999,2.272,1.4480001,0.776,0.055,DLR
891,894,0.0,2.712,1.295,1.927,1.4219999,0.142,DLR
891,895,0.0,0.714,5.487,1.617,0.491,0.0,DLR
891,940,2.495,6.017,0.6,1.066,0.0,0.0,DLR
893,504,0.458,5.12,14.308,22.571,1.694,0.191,DLR
893,513,12.048,36.031,13.636,57.02,10.698,5.358,DLR
893,523,0.0,0.65,5.998,1.461,0.0,0.0,DLR
893,538,0.82,0.64599997,3.038,3.471,0.833,0.46,DLR
893,559,0.29,0.853,1.618,1.875,0.0,0.0,DLR
893,573,0.728,1.473,51.604,34.416,10.84,4.78,DLR
893,719,2.681,0.779,26.693,11.39,4.028,0.019000001,DLR
893,749,0.0,3.244,12.908999,9.945,2.474,1.612,DLR
893,750,0.0,0.754,8.415,3.585,1.086,0.0,DLR
893,757,0.0,0.0,0.989,0.0,1.475,0.453,DLR
893,842,4.744,8.29,9.247,14.049,0.29500002,0.0,DLR
893,850,0.0,1.221,4.117,4.277,0.44799998,0.0,DLR
893,851,2.176,1.2820001,9.645,3.846,1.342,0.339,DLR
893,853,0.0,0.0,12.437,4.371,1.3199999,0.57,DLR
893,854,0.0,0.0,2.826,3.605,0.474,0.773,DLR
893,856,4.311,0.782,1.641,2.799,0.691,0.617,DLR
893,857,0.0,1.0600001,2.831,1.189,0.0,0.0,DLR
893,858,0.379,5.974,26.541,39.902,13.125,0.0,DLR
893,859,0.0,2.081,1.563,0.852,0.133,0.0,DLR
893,860,4.069,45.851,50.265,70.261,23.076,2.477,DLR
893,861,0.175,6.903,5.053,4.224,0.875,0.444,DLR
893,862,3.43,12.864,27.239,37.615,6.622,1.4610001,DLR
893,864,24.984,56.99,53.892,56.413,14.813,1.929,DLR
893,865,1.412,3.298,25.651,11.14,2.426,1.848,DLR
893,867,3.761,4.421,7.093,4.6349998,0.66400003,0.0,DLR
893,879,0.224,3.523,8.054,5.347,0.626,0.55799997,DLR
893,882,0.793,2.4060001,6.56,5.165,0.95600003,0.0,DLR
893,883,0.509,4.662,6.751,3.124,1.525,0.449,DLR
893,884,80.182,275.122,942.928,671.181,233.65201,63.241,DLR
893,886,1.432,5.792,24.866,15.862,2.714,0.85899997,DLR
893,887,0.612,1.898,14.684,17.338,5.679,0.49,DLR
893,888,0.0,7.988,19.106,14.924,5.893,0.41799998,DLR
893,889,0.0,5.012,4.056,3.214,1.925,0.493,DLR
893,890,1.005,8.427,7.2730002,6.272,1.937,0.427,DLR
893,891,0.0,0.656,1.249,0.377,1.9860001,0.0,DLR
893,894,0.0,0.644,4.919,1.781,1.866,0.35700002,DLR
893,895,0.0,0.413,23.549,16.159,6.694,2.302,DLR
893,897,0.852,0.871,10.922,7.851,0.828,0.339,DLR
893,898,0.0,0.0,1.19,3.243,0.846,0.0,DLR
893,928,0.0,0.437,0.77,0.805,0.175,0.089,DLR
893,940,3.014,1.08,25.996,37.238,8.007,0.715,DLR
894,504,0.227,2.936,3.748,3.466,0.097,0.479,DLR
894,513,15.542,80.337,10.828,28.56,3.075,4.0,DLR
894,538,0.0,1.653,1.689,1.247,0.214,0.0,DLR
894,559,0.0,3.266,1.557,0.676,0.245,0.0,DLR
894,573,3.218,2.322,6.452,8.044,2.857,3.202,DLR
894,719,2.066,0.226,5.279,6.303,0.631,0.0,DLR
894,749,0.866,4.569,3.006,3.709,0.806,1.727,DLR
894,750,0.0,1.148,0.754,2.02,0.57,0.0,DLR
894,757,1.127,0.0,0.262,0.0,0.13700001,0.02,DLR
894,842,2.319,14.51,6.039,8.39,7.575,0.0,DLR
894,850,0.0,0.584,2.051,1.687,0.552,0.0,DLR
894,851,0.0,1.573,6.699,6.882,1.488,1.557,DLR
894,853,0.64,2.591,2.424,1.74,0.564,0.584,DLR
894,854,0.308,2.359,1.553,1.821,0.224,0.0,DLR
894,858,3.0570002,22.407,20.802,29.893,9.282,0.0,DLR
894,859,0.0,3.934,0.259,0.326,0.107,0.0,DLR
894,860,4.43,38.876,13.209,22.056,6.075,2.395,DLR
894,861,1.596,7.362,3.934,0.558,0.0,0.0,DLR
894,862,3.289,2.338,4.089,13.416,2.085,3.618,DLR
894,864,20.562,123.235,29.182,20.546,5.816,1.156,DLR
894,865,2.845,2.564,8.81,11.5460005,4.725,2.215,DLR
894,866,1.256,1.3790001,6.344,2.737,0.47,0.0,DLR
894,867,0.0,2.168,2.455,1.95,0.91400003,0.702,DLR
894,879,0.336,4.564,3.554,1.403,0.478,0.88199997,DLR
894,882,3.571,2.448,5.2,4.894,1.15,0.0,DLR
894,883,0.209,3.009,4.855,3.44,0.696,0.954,DLR
894,884,68.946,278.385,314.337,294.466,85.664,27.075,DLR
894,886,0.41,10.435,24.539,9.507,3.556,2.799,DLR
894,887,0.49,6.296,4.436,11.09,4.296,1.65,DLR
894,888,0.705,6.765,10.585,6.514,3.044,1.554,DLR
894,890,0.722,5.435,7.555,3.915,3.988,0.0,DLR
894,891,0.976,1.704,0.543,2.181,1.721,0.0,DLR
894,893,0.0,0.865,4.542,0.825,1.133,0.0,DLR
894,895,0.444,3.774,19.341,17.513,12.511,2.149,DLR
894,928,0.0,0.0,0.93,0.601,0.128,0.14,DLR
894,940,3.878,6.5950003,7.42,16.289,0.642,0.491,DLR
895,504,2.99,12.011,10.183,6.0099998,0.96000004,0.527,DLR
895,513,56.439,83.729,13.457,30.01,5.953,3.477,DLR
895,538,0.475,1.186,2.043,2.522,2.42,0.382,DLR
895,559,0.976,5.659,2.727,2.449,0.489,0.264,DLR
895,573,16.696,15.129,13.219,9.417,12.399,2.506,DLR
895,719,5.611,0.755,5.628,3.447,0.221,0.0,DLR
895,749,0.514,2.495,4.633,1.621,0.0,0.0,DLR
895,750,0.0,0.379,3.061,1.609,0.97800004,0.344,DLR
895,757,0.026,0.0,0.514,0.0,0.08,0.0,DLR
895,842,10.56,24.491,10.19,22.612,1.773,0.0,DLR
895,850,0.0,2.013,2.205,2.585,1.4350001,0.398,DLR
895,851,3.619,2.13,4.882,4.474,2.958,0.0,DLR
895,853,3.295,13.192,11.274,2.082,1.379,0.35300002,DLR
895,854,1.855,8.305,6.623,1.883,0.901,0.745,DLR
895,855,3.695,13.293,1.709,1.1340001,0.658,0.0,DLR
895,856,0.403,3.991,1.834,2.709,0.441,0.0,DLR
895,857,0.0,1.839,1.055,0.535,0.225,0.451,DLR
895,858,8.907,26.223,32.35,25.555,13.295,2.746,DLR
895,859,0.871,1.202,0.959,0.117,0.0,0.0,DLR
895,860,23.246,90.127,37.344,25.313,20.995,0.805,DLR
895,861,8.148,28.659,7.198,1.169,0.772,0.0,DLR
895,862,13.627,46.216,24.926,21.493,9.038,4.811,DLR
895,864,60.283,131.878,55.467,31.287,9.178,2.354,DLR
895,865,0.96000004,12.212,18.417,7.866,4.955,0.194,DLR
895,866,0.441,1.155,7.543,1.226,0.508,0.0,DLR
895,867,0.727,9.821,6.87,4.568,1.339,0.0,DLR
895,879,1.371,10.997,13.912,3.781,0.671,0.556,DLR
895,882,5.802,24.407999,6.868,4.351,1.456,0.207,DLR
895,883,5.7599998,11.063,5.1670003,2.895,0.462,0.428,DLR
895,884,275.955,502.221,482.74,259.538,128.077,30.172,DLR
895,886,2.728,27.374,60.047,22.894001,10.59,3.516,DLR
895,887,1.4269999,8.072,16.071,19.417,8.142,0.228,DLR
895,888,2.216,16.014,21.91,15.004,5.426,1.921,DLR
895,889,2.058,2.657,3.325,3.701,0.336,0.0,DLR
895,890,10.218,20.489,18.139,6.167,1.636,1.6919999,DLR
895,891,3.652,2.041,3.704,0.96500003,1.002,0.742,DLR
895,893,0.97400004,6.117,27.399,9.589,7.698,1.87,DLR
895,894,0.338,3.639,27.638,17.239,13.13,1.592,DLR
895,897,0.0,1.577,2.775,3.083,3.064,0.31800002,DLR
895,928,0.86,0.523,1.299,0.657,0.575,0.0,DLR
895,940,8.452,19.331,8.457,18.193,2.612,0.588,DLR
897,504,1.031,5.101,1.644,0.776,0.899,0.004,DLR
897,513,55.814,423.284,245.77,119.068,73.481,43.567,DLR
897,533,3.417,6.167,4.145,2.632,0.0,0.0,DLR
897,538,0.0,1.061,1.774,0.94,0.0,0.55799997,DLR
897,559,1.0090001,1.626,4.423,0.85400003,1.461,0.0,DLR
897,719,17.666,86.47,67.954,50.06,22.326,6.663,DLR
897,757,0.02,0.204,0.023,0.0,0.034,0.049,DLR
897,842,61.432,310.882,145.022,129.108,53.238,29.232,DLR
897,850,0.937,8.07,4.486,11.025,2.465,0.456,DLR
897,851,4.392,12.751,15.92,8.145,6.43,5.231,DLR
897,853,1.2770001,31.036,11.418,8.72,3.01,1.747,DLR
897,854,13.731999,47.545,50.344,38.232,24.614,16.532,DLR
897,855,45.974,378.846,163.318,87.068,21.209,15.391,DLR
897,856,1.457,37.635,25.101,20.08,25.037,11.412,DLR
897,857,0.451,18.501,20.55,23.716,14.979,14.727,DLR
897,858,0.578,2.833,15.89,9.395,9.46,6.893,DLR
897,859,0.388,6.713,3.289,2.607,1.698,1.542,DLR
897,860,6.792,64.747,29.549,18.82,7.748,6.125,DLR
897,861,13.187,146.406,69.149,23.568,11.719,11.71,DLR
897,862,40.655,60.834,51.71,41.865,24.399,13.068,DLR
897,864,10.93,37.838,14.304,5.826,0.963,0.501,DLR
897,865,6.528,14.679,34.315,19.819,8.789,3.352,DLR
897,866,2.146,9.467,21.377,7.521,3.7549999,1.761,DLR
897,867,5.919,12.686,18.049,9.859,5.232,2.695,DLR
897,879,1.99,34.011,117.819,43.803,29.574,6.709,DLR
897,882,3.427,4.573,5.113,2.3370001,0.0,0.0,DLR
897,883,0.426,8.248,5.106,2.426,2.784,0.592,DLR
897,884,1.311,10.311,9.865,12.775,10.402,2.809,DLR
897,886,0.0,4.206,4.542,1.275,2.0870001,0.0,DLR
897,887,1.286,4.172,3.878,4.303,0.0,0.0,DLR
897,888,1.2689999,3.191,4.816,0.878,1.033,0.0,DLR
897,889,1.223,3.415,1.176,1.079,0.334,0.0,DLR
897,890,0.679,2.526,0.0,0.0,0.0,0.0,DLR
897,893,6.561,8.521,5.898,0.385,0.0,0.0,DLR
897,895,2.891,4.799,2.999,1.8,1.496,0.599,DLR
897,898,1.471,6.091,30.315,16.091,17.739,16.842,DLR
897,928,19.147,401.05402,100.151,48.161,22.436,2.889,DLR
897,940,17.828,282.171,266.484,221.69,93.982,31.611,DLR
898,513,37.552002,255.154,110.377,60.47,29.09,11.025,DLR
898,533,1.968,2.511,2.234,0.327,0.0,0.0,DLR
898,559,0.735,4.919,0.217,0.37600002,0.915,0.0,DLR
898,719,3.862,55.285,29.927,18.102,6.147,1.088,DLR
898,842,29.623001,125.731,68.451,37.361,14.023,12.154,DLR
898,850,0.0,3.462,1.3920001,2.614,1.197,1.542,DLR
898,851,5.353,9.419,5.696,2.206,2.206,2.5279999,DLR
898,854,1.682,11.289,8.3550005,3.783,4.126,0.072,DLR
898,855,21.727,173.053,69.034996,41.438,12.188,3.881,DLR
898,856,0.635,19.468,6.367,8.03,0.847,1.301,DLR
898,857,0.628,0.786,3.181,1.427,0.636,2.451,DLR
898,859,0.296,2.84,1.554,0.089,0.656,0.0050000004,DLR
898,860,4.052,62.846,16.210001,16.532,5.882,1.247,DLR
898,861,2.6759999,42.777,11.666,7.013,0.438,4.146,DLR
898,862,13.504,44.175,19.526,11.1779995,5.872,0.78000003,DLR
898,864,4.025,23.145,10.713,3.918,2.17,0.0,DLR
898,865,2.608,4.964,7.9309998,6.412,1.239,0.563,DLR
898,866,1.682,2.75,9.469,4.107,0.453,0.0,DLR
898,867,1.5,4.236,1.711,2.488,2.471,1.3759999,DLR
898,879,3.591,23.208,57.58,18.439,11.486,1.766,DLR
898,883,0.86399996,2.09,2.34,1.547,0.661,0.0,DLR
898,884,0.548,7.873,3.142,3.362,7.531,0.502,DLR
898,887,0.301,1.382,1.165,0.0,0.0,0.0,DLR
898,889,6.1749997,3.612,0.394,0.0,0.0,0.0,DLR
898,893,0.0,2.833,2.471,0.407,0.0,0.0,DLR
898,895,0.0,0.341,1.161,2.465,0.0,1.053,DLR
898,897,18.344,33.508,40.447998,10.991,8.128,2.902,DLR
898,928,11.615,115.322,39.727,17.786,6.243,0.193,DLR
898,940,17.73,126.708,83.347,42.844,10.368,2.562,DLR
928,504,0.492,2.817,0.94,1.505,0.238,0.0,DLR
928,513,47.504,169.407,184.618,196.569,127.274,27.444,DLR
928,523,0.0,0.0,0.122,0.0,0.0,0.0,DLR
928,533,1.8560001,0.609,2.267,0.493,0.0,0.0,DLR
928,538,0.0,0.16600001,0.518,0.667,2.014,0.527,DLR
928,559,0.0,0.031,0.511,1.517,0.666,0.328,DLR
928,719,23.622,37.735,43.155,84.286,23.793,7.205,DLR
928,757,0.022,0.068,0.014,0.0,0.016,0.007,DLR
928,842,87.225,276.093,124.693,181.741,51.521,7.265,DLR
928,850,0.307,1.426,1.274,4.631,2.581,0.41,DLR
928,851,2.942,4.457,7.399,10.994,5.227,1.4679999,DLR
928,853,2.997,19.56,5.417,13.055,2.32,0.2,DLR
928,854,14.668,51.613,54.533,56.607,24.708,4.33,DLR
928,855,56.705,243.195,98.788,92.405,34.996,6.985,DLR
928,856,5.007,28.38,34.155,64.88,43.96,11.076,DLR
928,857,0.589,10.892,14.811,39.367,20.435,5.809,DLR
928,858,0.734,4.138,4.053,3.095,3.265,3.764,DLR
928,859,0.856,5.305,2.785,4.472,0.931,0.271,DLR
928,860,8.29,63.897,35.915,47.254,23.22,6.178,DLR
928,861,24.073,162.564,65.75,35.545002,14.978,5.8519998,DLR
928,862,6.548,35.36,22.222,52.973,21.242,5.5,DLR
928,864,4.909,19.016,8.635,6.993,0.865,0.298,DLR
928,865,2.4720001,6.419,15.544,21.516,7.168,3.056,DLR
928,866,2.946,4.506,13.361,8.219,3.236,0.93,DLR
928,867,1.152,3.799,2.59,6.19,4.0,0.606,DLR
928,879,4.764,30.503,111.041,90.959,35.588,9.116,DLR
928,882,0.0,0.78000003,0.845,1.846,1.514,0.0,DLR
928,883,1.691,1.702,2.376,8.541,0.477,0.0,DLR
928,884,1.622,3.108,3.207,14.934,10.427,1.7360001,DLR
928,886,0.0,0.702,3.344,6.6019998,3.82,0.0,DLR
928,887,0.95500004,1.944,1.368,1.402,1.998,0.0,DLR
928,888,0.698,1.132,1.701,5.294,1.028,4.826,DLR
928,890,1.29,1.124,1.009,6.874,0.828,3.549,DLR
928,893,0.0,0.71099997,0.664,1.259,0.427,0.059,DLR
928,894,0.0,1.256,1.3379999,1.215,1.107,0.0,DLR
928,895,0.19,1.079,0.899,2.521,2.167,0.001,DLR
928,897,43.656,46.01,72.513,153.796,69.056,18.649,DLR
928,898,3.192,14.823,36.716,72.067,38.757,15.347,DLR
928,940,17.921999,134.255,169.423,357.931,127.254,27.354,DLR
940,504,9.191999,30.036,2.629,6.809,1.911,0.49,DLR
940,513,88.987,585.389,231.411,164.965,95.006,29.5,DLR
940,523,0.0,6.0690002,1.813,1.973,0.539,0.0,DLR
940,533,3.6200001,8.484,7.327,3.298,0.98399997,0.0,DLR
940,538,2.573,11.434,5.323,3.5839999,4.379,0.0,DLR
940,559,1.273,3.606,3.67,1.133,0.624,1.2030001,DLR
940,719,94.868004,543.679,232.572,242.543,64.66,22.955,DLR
940,750,0.0,4.347,1.262,3.915,1.079,2.352,DLR
940,757,0.089,0.793,0.017,0.0,0.025,0.139,DLR
940,842,323.079,1920.213,399.08398,354.812,94.304,34.88,DLR
940,850,2.474,32.846,22.749,18.217001,4.203,5.8640003,DLR
940,851,12.808001,133.797,43.705,25.43,10.396,7.951,DLR
940,853,19.342001,46.414,24.618,14.989,3.747,2.368,DLR
940,854,28.087,233.527,117.062,70.309,28.177,7.717,DLR
940,855,232.528,1604.389,286.4,186.702,59.149,23.045,DLR
940,856,4.354,81.375,78.096,70.16,34.349,11.438,DLR
940,857,5.763,41.453,43.224,34.508,15.623,5.814,DLR
940,858,10.824,14.642,23.809,26.086,14.393,11.241,DLR
940,859,5.39,39.898,3.645,5.621,2.086,1.312,DLR
940,860,42.632,398.23502,95.28,70.119,29.544,11.702,DLR
940,861,58.219,660.641,143.707,57.732,22.687,11.624,DLR
940,862,73.136,344.809,140.681,183.769,57.437,12.92,DLR
940,864,32.947,116.644,24.36,8.056,0.739,0.023,DLR
940,865,12.95,58.397,64.314,32.057,13.791,7.751,DLR
940,866,9.686,42.787,39.128,17.375,3.33,3.892,DLR
940,867,8.138,45.694,14.306,21.84,6.397,4.853,DLR
940,879,17.561,209.349,332.653,162.325,48.76,12.69,DLR
940,882,6.712,55.815998,3.304,1.463,0.757,3.888,DLR
940,883,7.749,35.513,8.375,10.372,6.229,1.093,DLR
940,884,7.942,53.038002,26.586,37.127,22.997,5.617,DLR
940,886,2.571,13.114,9.9210005,8.325,4.272,2.633,DLR
940,887,4.639,14.923,11.913,4.423,2.546,0.416,DLR
940,888,4.432,17.049,7.5,5.697,1.426,0.969,DLR
940,889,5.677,23.16,1.73,1.098,2.128,2.625,DLR
940,890,2.008,20.482,6.989,6.591,0.461,0.92,DLR
940,891,0.0,1.47,1.669,2.886,1.5419999,0.0,DLR
940,893,0.75,37.58,24.015,4.715,0.878,0.019,DLR
940,894,5.723,10.0460005,1.679,3.9689999,2.914,0.53900003,DLR
940,895,3.416,15.83,12.7699995,17.531,4.97,0.733,DLR
940,897,37.093,165.878,275.136,225.027,94.931,48.892,DLR
940,898,1.6159999,26.083,61.852,68.121,28.838,18.44,DLR
940,928,12.287,179.7,97.88,68.705,22.066,9.3,DLR
